imagen,carpeta,probabilidad_sano,prediccion,clase_predicha,etiqueta_real,clase_real
good_quality_467.jpg,good_quality,0.99609375,1,Sano,1,Sano
good_quality_862.jpg,good_quality,0.99609375,1,Sano,1,Sano
good_quality_802.jpg,good_quality,0.99609375,1,Sano,1,Sano
good_quality_844.jpg,good_quality,0.99609375,1,Sano,1,Sano
good_quality_44.jpg,good_quality,0.99609375,1,Sano,1,Sano
good_quality_599.jpg,good_quality,0.99609375,1,Sano,1,Sano
good_quality_667.jpg,good_quality,0.99609375,1,Sano,1,Sano
good_quality_516.jpg,good_quality,0.99609375,1,Sano,1,Sano
good_quality_2.jpg,good_quality,0.99609375,1,Sano,1,Sano
good_quality_39.jpg,good_quality,0.99609375,1,Sano,1,Sano
good_quality_822.jpg,good_quality,0.99609375,1,Sano,1,Sano
good_quality_731.jpg,good_quality,0.99609375,1,Sano,1,Sano
good_quality_191.jpg,good_quality,0.99609375,1,Sano,1,Sano
good_quality_649.jpg,good_quality,0.99609375,1,Sano,1,Sano
good_quality_372.jpg,good_quality,0.99609375,1,Sano,1,Sano
good_quality_540.jpg,good_quality,0.99609375,1,Sano,1,Sano
good_quality_701.jpg,good_quality,0.99609375,1,Sano,1,Sano
good_quality_825.jpg,good_quality,0.99609375,1,Sano,1,Sano
good_quality_377.jpg,good_quality,0.99609375,1,Sano,1,Sano
good_quality_681.jpg,good_quality,0.99609375,1,Sano,1,Sano
good_quality_671.jpg,good_quality,0.99609375,1,Sano,1,Sano
good_quality_1064.jpg,good_quality,0.99609375,1,Sano,1,Sano
good_quality_556.jpg,good_quality,0.99609375,1,Sano,1,Sano
good_quality_1095.jpg,good_quality,0.99609375,1,Sano,1,Sano
good_quality_498.jpg,good_quality,0.99609375,1,Sano,1,Sano
good_quality_139.jpg,good_quality,0.99609375,1,Sano,1,Sano
good_quality_236.jpg,good_quality,0.99609375,1,Sano,1,Sano
good_quality_799.jpg,good_quality,0.99609375,1,Sano,1,Sano
good_quality_458.jpg,good_quality,0.99609375,1,Sano,1,Sano
good_quality_859.jpg,good_quality,0.99609375,1,Sano,1,Sano
good_quality_819.jpg,good_quality,0.99609375,1,Sano,1,Sano
good_quality_111.jpg,good_quality,0.99609375,1,Sano,1,Sano
good_quality_266.jpg,good_quality,0.99609375,1,Sano,1,Sano
good_quality_171.jpg,good_quality,0.99609375,1,Sano,1,Sano
good_quality_755.jpg,good_quality,0.99609375,1,Sano,1,Sano
good_quality_914.jpg,good_quality,0.99609375,1,Sano,1,Sano
good_quality_374.jpg,good_quality,0.99609375,1,Sano,1,Sano
good_quality_527.jpg,good_quality,0.99609375,1,Sano,1,Sano
good_quality_693.jpg,good_quality,0.99609375,1,Sano,1,Sano
good_quality_912.jpg,good_quality,0.99609375,1,Sano,1,Sano
good_quality_578.jpg,good_quality,0.99609375,1,Sano,1,Sano
good_quality_1066.jpg,good_quality,0.99609375,1,Sano,1,Sano
good_quality_836.jpg,good_quality,0.99609375,1,Sano,1,Sano
good_quality_892.jpg,good_quality,0.99609375,1,Sano,1,Sano
good_quality_271.jpg,good_quality,0.99609375,1,Sano,1,Sano
good_quality_738.jpg,good_quality,0.99609375,1,Sano,1,Sano
good_quality_946.jpg,good_quality,0.99609375,1,Sano,1,Sano
good_quality_124.jpg,good_quality,0.953125,1,Sano,1,Sano
good_quality_328.jpg,good_quality,0.99609375,1,Sano,1,Sano
good_quality_431.jpg,good_quality,0.99609375,1,Sano,1,Sano
good_quality_1108.jpg,good_quality,0.99609375,1,Sano,1,Sano
good_quality_1083.jpg,good_quality,0.99609375,1,Sano,1,Sano
good_quality_818.jpg,good_quality,0.99609375,1,Sano,1,Sano
good_quality_26.jpg,good_quality,0.99609375,1,Sano,1,Sano
good_quality_863.jpg,good_quality,0.99609375,1,Sano,1,Sano
good_quality_147.jpg,good_quality,0.96875,1,Sano,1,Sano
good_quality_220.jpg,good_quality,0.99609375,1,Sano,1,Sano
good_quality_126.jpg,good_quality,0.99609375,1,Sano,1,Sano
good_quality_113.jpg,good_quality,0.99609375,1,Sano,1,Sano
good_quality_845.jpg,good_quality,0.99609375,1,Sano,1,Sano
good_quality_548.jpg,good_quality,0.99609375,1,Sano,1,Sano
good_quality_265.jpg,good_quality,0.99609375,1,Sano,1,Sano
good_quality_141.jpg,good_quality,0.99609375,1,Sano,1,Sano
good_quality_245.jpg,good_quality,0.99609375,1,Sano,1,Sano
good_quality_767.jpg,good_quality,0.99609375,1,Sano,1,Sano
good_quality_909.jpg,good_quality,0.99609375,1,Sano,1,Sano
good_quality_497.jpg,good_quality,0.99609375,1,Sano,1,Sano
good_quality_575.jpg,good_quality,0.99609375,1,Sano,1,Sano
good_quality_78.jpg,good_quality,0.99609375,1,Sano,1,Sano
good_quality_183.jpg,good_quality,0.99609375,1,Sano,1,Sano
good_quality_180.jpg,good_quality,0.99609375,1,Sano,1,Sano
good_quality_724.jpg,good_quality,0.99609375,1,Sano,1,Sano
good_quality_827.jpg,good_quality,0.99609375,1,Sano,1,Sano
good_quality_41.jpg,good_quality,0.99609375,1,Sano,1,Sano
good_quality_617.jpg,good_quality,0.99609375,1,Sano,1,Sano
good_quality_988.jpg,good_quality,0.99609375,1,Sano,1,Sano
good_quality_443.jpg,good_quality,0.99609375,1,Sano,1,Sano
good_quality_737.jpg,good_quality,0.99609375,1,Sano,1,Sano
good_quality_14.jpg,good_quality,0.99609375,1,Sano,1,Sano
good_quality_336.jpg,good_quality,0.99609375,1,Sano,1,Sano
good_quality_1065.jpg,good_quality,0.99609375,1,Sano,1,Sano
good_quality_160.jpg,good_quality,0.99609375,1,Sano,1,Sano
good_quality_605.jpg,good_quality,0.99609375,1,Sano,1,Sano
good_quality_523.jpg,good_quality,0.99609375,1,Sano,1,Sano
good_quality_355.jpg,good_quality,0.99609375,1,Sano,1,Sano
good_quality_748.jpg,good_quality,0.99609375,1,Sano,1,Sano
good_quality_433.jpg,good_quality,0.99609375,1,Sano,1,Sano
good_quality_370.jpg,good_quality,0.99609375,1,Sano,1,Sano
good_quality_91.jpg,good_quality,0.99609375,1,Sano,1,Sano
good_quality_1112.jpg,good_quality,0.99609375,1,Sano,1,Sano
good_quality_90.jpg,good_quality,0.99609375,1,Sano,1,Sano
good_quality_505.jpg,good_quality,0.99609375,1,Sano,1,Sano
good_quality_570.jpg,good_quality,0.99609375,1,Sano,1,Sano
good_quality_323.jpg,good_quality,0.99609375,1,Sano,1,Sano
good_quality_721.jpg,good_quality,0.99609375,1,Sano,1,Sano
good_quality_42.jpg,good_quality,0.99609375,1,Sano,1,Sano
good_quality_1085.jpg,good_quality,0.99609375,1,Sano,1,Sano
good_quality_744.jpg,good_quality,0.99609375,1,Sano,1,Sano
good_quality_962.jpg,good_quality,0.99609375,1,Sano,1,Sano
good_quality_43.jpg,good_quality,0.99609375,1,Sano,1,Sano
good_quality_148.jpg,good_quality,0.99609375,1,Sano,1,Sano
good_quality_551.jpg,good_quality,0.99609375,1,Sano,1,Sano
good_quality_596.jpg,good_quality,0.99609375,1,Sano,1,Sano
good_quality_815.jpg,good_quality,0.99609375,1,Sano,1,Sano
good_quality_760.jpg,good_quality,0.99609375,1,Sano,1,Sano
good_quality_75.jpg,good_quality,0.99609375,1,Sano,1,Sano
good_quality_163.jpg,good_quality,0.99609375,1,Sano,1,Sano
good_quality_683.jpg,good_quality,0.99609375,1,Sano,1,Sano
good_quality_768.jpg,good_quality,0.99609375,1,Sano,1,Sano
good_quality_71.jpg,good_quality,0.99609375,1,Sano,1,Sano
good_quality_470.jpg,good_quality,0.99609375,1,Sano,1,Sano
good_quality_63.jpg,good_quality,0.99609375,1,Sano,1,Sano
good_quality_569.jpg,good_quality,0.99609375,1,Sano,1,Sano
good_quality_399.jpg,good_quality,0.99609375,1,Sano,1,Sano
good_quality_835.jpg,good_quality,0.99609375,1,Sano,1,Sano
good_quality_652.jpg,good_quality,0.99609375,1,Sano,1,Sano
good_quality_1074.jpg,good_quality,0.99609375,1,Sano,1,Sano
good_quality_156.jpg,good_quality,0.99609375,1,Sano,1,Sano
good_quality_752.jpg,good_quality,0.99609375,1,Sano,1,Sano
good_quality_1038.jpg,good_quality,0.99609375,1,Sano,1,Sano
good_quality_49.jpg,good_quality,0.99609375,1,Sano,1,Sano
good_quality_314.jpg,good_quality,0.99609375,1,Sano,1,Sano
good_quality_118.jpg,good_quality,0.99609375,1,Sano,1,Sano
good_quality_167.jpg,good_quality,0.99609375,1,Sano,1,Sano
good_quality_413.jpg,good_quality,0.99609375,1,Sano,1,Sano
good_quality_127.jpg,good_quality,0.99609375,1,Sano,1,Sano
good_quality_907.jpg,good_quality,0.99609375,1,Sano,1,Sano
good_quality_255.jpg,good_quality,0.99609375,1,Sano,1,Sano
good_quality_288.jpg,good_quality,0.99609375,1,Sano,1,Sano
good_quality_664.jpg,good_quality,0.99609375,1,Sano,1,Sano
good_quality_295.jpg,good_quality,0.99609375,1,Sano,1,Sano
good_quality_711.jpg,good_quality,0.99609375,1,Sano,1,Sano
good_quality_786.jpg,good_quality,0.99609375,1,Sano,1,Sano
good_quality_298.jpg,good_quality,0.99609375,1,Sano,1,Sano
good_quality_936.jpg,good_quality,0.99609375,1,Sano,1,Sano
good_quality_188.jpg,good_quality,0.99609375,1,Sano,1,Sano
good_quality_607.jpg,good_quality,0.99609375,1,Sano,1,Sano
good_quality_867.jpg,good_quality,0.99609375,1,Sano,1,Sano
good_quality_1003.jpg,good_quality,0.99609375,1,Sano,1,Sano
good_quality_291.jpg,good_quality,0.99609375,1,Sano,1,Sano
good_quality_232.jpg,good_quality,0.99609375,1,Sano,1,Sano
good_quality_913.jpg,good_quality,0.99609375,1,Sano,1,Sano
good_quality_873.jpg,good_quality,0.99609375,1,Sano,1,Sano
good_quality_267.jpg,good_quality,0.99609375,1,Sano,1,Sano
good_quality_560.jpg,good_quality,0.99609375,1,Sano,1,Sano
good_quality_342.jpg,good_quality,0.99609375,1,Sano,1,Sano
good_quality_581.jpg,good_quality,0.99609375,1,Sano,1,Sano
good_quality_404.jpg,good_quality,0.99609375,1,Sano,1,Sano
good_quality_653.jpg,good_quality,0.99609375,1,Sano,1,Sano
good_quality_354.jpg,good_quality,0.99609375,1,Sano,1,Sano
good_quality_195.jpg,good_quality,0.99609375,1,Sano,1,Sano
good_quality_852.jpg,good_quality,0.99609375,1,Sano,1,Sano
good_quality_1082.jpg,good_quality,0.99609375,1,Sano,1,Sano
good_quality_380.jpg,good_quality,0.99609375,1,Sano,1,Sano
good_quality_64.jpg,good_quality,0.99609375,1,Sano,1,Sano
good_quality_756.jpg,good_quality,0.99609375,1,Sano,1,Sano
good_quality_1068.jpg,good_quality,0.99609375,1,Sano,1,Sano
good_quality_1032.jpg,good_quality,0.99609375,1,Sano,1,Sano
good_quality_1069.jpg,good_quality,0.99609375,1,Sano,1,Sano
good_quality_849.jpg,good_quality,0.99609375,1,Sano,1,Sano
good_quality_631.jpg,good_quality,0.99609375,1,Sano,1,Sano
good_quality_1015.jpg,good_quality,0.99609375,1,Sano,1,Sano
good_quality_826.jpg,good_quality,0.99609375,1,Sano,1,Sano
good_quality_687.jpg,good_quality,0.99609375,1,Sano,1,Sano
good_quality_212.jpg,good_quality,0.99609375,1,Sano,1,Sano
good_quality_1101.jpg,good_quality,0.99609375,1,Sano,1,Sano
good_quality_186.jpg,good_quality,0.99609375,1,Sano,1,Sano
good_quality_1040.jpg,good_quality,0.99609375,1,Sano,1,Sano
good_quality_771.jpg,good_quality,0.99609375,1,Sano,1,Sano
good_quality_780.jpg,good_quality,0.99609375,1,Sano,1,Sano
good_quality_463.jpg,good_quality,0.99609375,1,Sano,1,Sano
good_quality_343.jpg,good_quality,0.99609375,1,Sano,1,Sano
good_quality_146.jpg,good_quality,0.99609375,1,Sano,1,Sano
good_quality_736.jpg,good_quality,0.953125,1,Sano,1,Sano
good_quality_923.jpg,good_quality,0.99609375,1,Sano,1,Sano
good_quality_338.jpg,good_quality,0.99609375,1,Sano,1,Sano
good_quality_462.jpg,good_quality,0.99609375,1,Sano,1,Sano
good_quality_597.jpg,good_quality,0.99609375,1,Sano,1,Sano
good_quality_521.jpg,good_quality,0.99609375,1,Sano,1,Sano
good_quality_490.jpg,good_quality,0.99609375,1,Sano,1,Sano
good_quality_11.jpg,good_quality,0.99609375,1,Sano,1,Sano
good_quality_373.jpg,good_quality,0.99609375,1,Sano,1,Sano
good_quality_943.jpg,good_quality,0.99609375,1,Sano,1,Sano
good_quality_161.jpg,good_quality,0.99609375,1,Sano,1,Sano
good_quality_926.jpg,good_quality,0.99609375,1,Sano,1,Sano
good_quality_931.jpg,good_quality,0.99609375,1,Sano,1,Sano
good_quality_758.jpg,good_quality,0.99609375,1,Sano,1,Sano
good_quality_515.jpg,good_quality,0.99609375,1,Sano,1,Sano
good_quality_420.jpg,good_quality,0.99609375,1,Sano,1,Sano
good_quality_150.jpg,good_quality,0.99609375,1,Sano,1,Sano
good_quality_715.jpg,good_quality,0.99609375,1,Sano,1,Sano
good_quality_386.jpg,good_quality,0.99609375,1,Sano,1,Sano
good_quality_69.jpg,good_quality,0.99609375,1,Sano,1,Sano
good_quality_383.jpg,good_quality,0.99609375,1,Sano,1,Sano
good_quality_22.jpg,good_quality,0.99609375,1,Sano,1,Sano
good_quality_583.jpg,good_quality,0.99609375,1,Sano,1,Sano
good_quality_405.jpg,good_quality,0.99609375,1,Sano,1,Sano
good_quality_517.jpg,good_quality,0.99609375,1,Sano,1,Sano
good_quality_24.jpg,good_quality,0.99609375,1,Sano,1,Sano
good_quality_941.jpg,good_quality,0.99609375,1,Sano,1,Sano
good_quality_972.jpg,good_quality,0.99609375,1,Sano,1,Sano
good_quality_175.jpg,good_quality,0.99609375,1,Sano,1,Sano
good_quality_816.jpg,good_quality,0.99609375,1,Sano,1,Sano
good_quality_675.jpg,good_quality,0.99609375,1,Sano,1,Sano
good_quality_866.jpg,good_quality,0.99609375,1,Sano,1,Sano
good_quality_770.jpg,good_quality,0.99609375,1,Sano,1,Sano
good_quality_763.jpg,good_quality,0.99609375,1,Sano,1,Sano
good_quality_651.jpg,good_quality,0.99609375,1,Sano,1,Sano
good_quality_1061.jpg,good_quality,0.99609375,1,Sano,1,Sano
good_quality_203.jpg,good_quality,0.99609375,1,Sano,1,Sano
good_quality_694.jpg,good_quality,0.99609375,1,Sano,1,Sano
good_quality_621.jpg,good_quality,0.99609375,1,Sano,1,Sano
good_quality_840.jpg,good_quality,0.99609375,1,Sano,1,Sano
good_quality_151.jpg,good_quality,0.99609375,1,Sano,1,Sano
good_quality_632.jpg,good_quality,0.99609375,1,Sano,1,Sano
good_quality_858.jpg,good_quality,0.99609375,1,Sano,1,Sano
good_quality_513.jpg,good_quality,0.99609375,1,Sano,1,Sano
good_quality_25.jpg,good_quality,0.99609375,1,Sano,1,Sano
good_quality_712.jpg,good_quality,0.99609375,1,Sano,1,Sano
good_quality_1087.jpg,good_quality,0.99609375,1,Sano,1,Sano
good_quality_317.jpg,good_quality,0.99609375,1,Sano,1,Sano
good_quality_801.jpg,good_quality,0.99609375,1,Sano,1,Sano
good_quality_493.jpg,good_quality,0.99609375,1,Sano,1,Sano
good_quality_530.jpg,good_quality,0.99609375,1,Sano,1,Sano
good_quality_645.jpg,good_quality,0.99609375,1,Sano,1,Sano
good_quality_427.jpg,good_quality,0.99609375,1,Sano,1,Sano
good_quality_699.jpg,good_quality,0.99609375,1,Sano,1,Sano
good_quality_107.jpg,good_quality,0.99609375,1,Sano,1,Sano
good_quality_122.jpg,good_quality,0.99609375,1,Sano,1,Sano
good_quality_997.jpg,good_quality,0.0703125,0,Desecho,1,Sano
good_quality_789.jpg,good_quality,0.99609375,1,Sano,1,Sano
good_quality_791.jpg,good_quality,0.99609375,1,Sano,1,Sano
good_quality_125.jpg,good_quality,0.99609375,1,Sano,1,Sano
good_quality_487.jpg,good_quality,0.99609375,1,Sano,1,Sano
good_quality_676.jpg,good_quality,0.99609375,1,Sano,1,Sano
good_quality_1002.jpg,good_quality,0.99609375,1,Sano,1,Sano
good_quality_417.jpg,good_quality,0.99609375,1,Sano,1,Sano
good_quality_778.jpg,good_quality,0.99609375,1,Sano,1,Sano
good_quality_53.jpg,good_quality,0.99609375,1,Sano,1,Sano
good_quality_135.jpg,good_quality,0.99609375,1,Sano,1,Sano
good_quality_529.jpg,good_quality,0.99609375,1,Sano,1,Sano
good_quality_1122.jpg,good_quality,0.99609375,1,Sano,1,Sano
good_quality_307.jpg,good_quality,0.99609375,1,Sano,1,Sano
good_quality_1099.jpg,good_quality,0.99609375,1,Sano,1,Sano
good_quality_361.jpg,good_quality,0.99609375,1,Sano,1,Sano
good_quality_956.jpg,good_quality,0.99609375,1,Sano,1,Sano
good_quality_406.jpg,good_quality,0.99609375,1,Sano,1,Sano
good_quality_223.jpg,good_quality,0.99609375,1,Sano,1,Sano
good_quality_951.jpg,good_quality,0.99609375,1,Sano,1,Sano
good_quality_937.jpg,good_quality,0.99609375,1,Sano,1,Sano
good_quality_690.jpg,good_quality,0.99609375,1,Sano,1,Sano
good_quality_152.jpg,good_quality,0.99609375,1,Sano,1,Sano
good_quality_335.jpg,good_quality,0.99609375,1,Sano,1,Sano
good_quality_261.jpg,good_quality,0.99609375,1,Sano,1,Sano
good_quality_57.jpg,good_quality,0.99609375,1,Sano,1,Sano
good_quality_793.jpg,good_quality,0.99609375,1,Sano,1,Sano
good_quality_824.jpg,good_quality,0.99609375,1,Sano,1,Sano
good_quality_109.jpg,good_quality,0.99609375,1,Sano,1,Sano
good_quality_83.jpg,good_quality,0.99609375,1,Sano,1,Sano
good_quality_308.jpg,good_quality,0.99609375,1,Sano,1,Sano
good_quality_86.jpg,good_quality,0.99609375,1,Sano,1,Sano
good_quality_428.jpg,good_quality,0.99609375,1,Sano,1,Sano
good_quality_889.jpg,good_quality,0.99609375,1,Sano,1,Sano
good_quality_390.jpg,good_quality,0.99609375,1,Sano,1,Sano
good_quality_574.jpg,good_quality,0.99609375,1,Sano,1,Sano
good_quality_1036.jpg,good_quality,0.99609375,1,Sano,1,Sano
good_quality_1094.jpg,good_quality,0.99609375,1,Sano,1,Sano
good_quality_1105.jpg,good_quality,0.99609375,1,Sano,1,Sano
good_quality_473.jpg,good_quality,0.99609375,1,Sano,1,Sano
good_quality_1045.jpg,good_quality,0.99609375,1,Sano,1,Sano
good_quality_444.jpg,good_quality,0.99609375,1,Sano,1,Sano
good_quality_1118.jpg,good_quality,0.99609375,1,Sano,1,Sano
good_quality_1120.jpg,good_quality,0.99609375,1,Sano,1,Sano
good_quality_616.jpg,good_quality,0.99609375,1,Sano,1,Sano
good_quality_510.jpg,good_quality,0.99609375,1,Sano,1,Sano
good_quality_396.jpg,good_quality,0.99609375,1,Sano,1,Sano
good_quality_116.jpg,good_quality,0.99609375,1,Sano,1,Sano
good_quality_409.jpg,good_quality,0.99609375,1,Sano,1,Sano
good_quality_77.jpg,good_quality,0.99609375,1,Sano,1,Sano
good_quality_765.jpg,good_quality,0.99609375,1,Sano,1,Sano
good_quality_644.jpg,good_quality,0.99609375,1,Sano,1,Sano
good_quality_939.jpg,good_quality,0.99609375,1,Sano,1,Sano
good_quality_832.jpg,good_quality,0.99609375,1,Sano,1,Sano
good_quality_1106.jpg,good_quality,0.99609375,1,Sano,1,Sano
good_quality_606.jpg,good_quality,0.99609375,1,Sano,1,Sano
good_quality_1057.jpg,good_quality,0.99609375,1,Sano,1,Sano
good_quality_807.jpg,good_quality,0.99609375,1,Sano,1,Sano
good_quality_707.jpg,good_quality,0.99609375,1,Sano,1,Sano
good_quality_522.jpg,good_quality,0.99609375,1,Sano,1,Sano
good_quality_98.jpg,good_quality,0.9921875,1,Sano,1,Sano
good_quality_471.jpg,good_quality,0.99609375,1,Sano,1,Sano
good_quality_1023.jpg,good_quality,0.99609375,1,Sano,1,Sano
good_quality_568.jpg,good_quality,0.99609375,1,Sano,1,Sano
good_quality_215.jpg,good_quality,0.99609375,1,Sano,1,Sano
good_quality_762.jpg,good_quality,0.99609375,1,Sano,1,Sano
good_quality_666.jpg,good_quality,0.99609375,1,Sano,1,Sano
good_quality_813.jpg,good_quality,0.99609375,1,Sano,1,Sano
good_quality_804.jpg,good_quality,0.99609375,1,Sano,1,Sano
good_quality_394.jpg,good_quality,0.99609375,1,Sano,1,Sano
good_quality_395.jpg,good_quality,0.99609375,1,Sano,1,Sano
good_quality_716.jpg,good_quality,0.99609375,1,Sano,1,Sano
good_quality_554.jpg,good_quality,0.99609375,1,Sano,1,Sano
good_quality_382.jpg,good_quality,0.99609375,1,Sano,1,Sano
good_quality_422.jpg,good_quality,0.99609375,1,Sano,1,Sano
good_quality_313.jpg,good_quality,0.99609375,1,Sano,1,Sano
good_quality_566.jpg,good_quality,0.99609375,1,Sano,1,Sano
good_quality_1124.jpg,good_quality,0.99609375,1,Sano,1,Sano
good_quality_773.jpg,good_quality,0.99609375,1,Sano,1,Sano
good_quality_654.jpg,good_quality,0.99609375,1,Sano,1,Sano
good_quality_159.jpg,good_quality,0.99609375,1,Sano,1,Sano
good_quality_1102.jpg,good_quality,0.99609375,1,Sano,1,Sano
good_quality_739.jpg,good_quality,0.99609375,1,Sano,1,Sano
good_quality_585.jpg,good_quality,0.99609375,1,Sano,1,Sano
good_quality_944.jpg,good_quality,0.99609375,1,Sano,1,Sano
good_quality_35.jpg,good_quality,0.99609375,1,Sano,1,Sano
good_quality_620.jpg,good_quality,0.99609375,1,Sano,1,Sano
good_quality_1051.jpg,good_quality,0.99609375,1,Sano,1,Sano
good_quality_524.jpg,good_quality,0.99609375,1,Sano,1,Sano
good_quality_602.jpg,good_quality,0.99609375,1,Sano,1,Sano
good_quality_828.jpg,good_quality,0.99609375,1,Sano,1,Sano
good_quality_339.jpg,good_quality,0.99609375,1,Sano,1,Sano
good_quality_1080.jpg,good_quality,0.99609375,1,Sano,1,Sano
good_quality_677.jpg,good_quality,0.99609375,1,Sano,1,Sano
good_quality_887.jpg,good_quality,0.99609375,1,Sano,1,Sano
good_quality_740.jpg,good_quality,0.99609375,1,Sano,1,Sano
good_quality_790.jpg,good_quality,0.99609375,1,Sano,1,Sano
good_quality_779.jpg,good_quality,0.99609375,1,Sano,1,Sano
good_quality_1078.jpg,good_quality,0.99609375,1,Sano,1,Sano
good_quality_975.jpg,good_quality,0.99609375,1,Sano,1,Sano
good_quality_533.jpg,good_quality,0.99609375,1,Sano,1,Sano
good_quality_276.jpg,good_quality,0.99609375,1,Sano,1,Sano
good_quality_550.jpg,good_quality,0.99609375,1,Sano,1,Sano
good_quality_68.jpg,good_quality,0.98828125,1,Sano,1,Sano
good_quality_272.jpg,good_quality,0.99609375,1,Sano,1,Sano
good_quality_54.jpg,good_quality,0.99609375,1,Sano,1,Sano
good_quality_882.jpg,good_quality,0.99609375,1,Sano,1,Sano
good_quality_392.jpg,good_quality,0.99609375,1,Sano,1,Sano
good_quality_1059.jpg,good_quality,0.99609375,1,Sano,1,Sano
good_quality_482.jpg,good_quality,0.99609375,1,Sano,1,Sano
good_quality_129.jpg,good_quality,0.99609375,1,Sano,1,Sano
good_quality_136.jpg,good_quality,0.99609375,1,Sano,1,Sano
good_quality_562.jpg,good_quality,0.99609375,1,Sano,1,Sano
good_quality_398.jpg,good_quality,0.99609375,1,Sano,1,Sano
good_quality_178.jpg,good_quality,0.99609375,1,Sano,1,Sano
good_quality_211.jpg,good_quality,0.99609375,1,Sano,1,Sano
good_quality_340.jpg,good_quality,0.99609375,1,Sano,1,Sano
good_quality_451.jpg,good_quality,0.99609375,1,Sano,1,Sano
good_quality_360.jpg,good_quality,0.99609375,1,Sano,1,Sano
good_quality_320.jpg,good_quality,0.99609375,1,Sano,1,Sano
good_quality_205.jpg,good_quality,0.99609375,1,Sano,1,Sano
good_quality_1019.jpg,good_quality,0.99609375,1,Sano,1,Sano
good_quality_586.jpg,good_quality,0.99609375,1,Sano,1,Sano
good_quality_906.jpg,good_quality,0.99609375,1,Sano,1,Sano
good_quality_686.jpg,good_quality,0.99609375,1,Sano,1,Sano
good_quality_1107.jpg,good_quality,0.99609375,1,Sano,1,Sano
good_quality_478.jpg,good_quality,0.99609375,1,Sano,1,Sano
good_quality_1028.jpg,good_quality,0.99609375,1,Sano,1,Sano
good_quality_981.jpg,good_quality,0.99609375,1,Sano,1,Sano
good_quality_860.jpg,good_quality,0.99609375,1,Sano,1,Sano
good_quality_691.jpg,good_quality,0.99609375,1,Sano,1,Sano
good_quality_158.jpg,good_quality,0.99609375,1,Sano,1,Sano
good_quality_426.jpg,good_quality,0.99609375,1,Sano,1,Sano
good_quality_375.jpg,good_quality,0.99609375,1,Sano,1,Sano
good_quality_311.jpg,good_quality,0.99609375,1,Sano,1,Sano
good_quality_985.jpg,good_quality,0.99609375,1,Sano,1,Sano
good_quality_491.jpg,good_quality,0.99609375,1,Sano,1,Sano
good_quality_364.jpg,good_quality,0.99609375,1,Sano,1,Sano
good_quality_330.jpg,good_quality,0.99609375,1,Sano,1,Sano
good_quality_177.jpg,good_quality,0.99609375,1,Sano,1,Sano
good_quality_435.jpg,good_quality,0.99609375,1,Sano,1,Sano
good_quality_51.jpg,good_quality,0.99609375,1,Sano,1,Sano
good_quality_1008.jpg,good_quality,0.99609375,1,Sano,1,Sano
good_quality_243.jpg,good_quality,0.99609375,1,Sano,1,Sano
good_quality_1021.jpg,good_quality,0.99609375,1,Sano,1,Sano
good_quality_93.jpg,good_quality,0.99609375,1,Sano,1,Sano
good_quality_194.jpg,good_quality,0.99609375,1,Sano,1,Sano
good_quality_424.jpg,good_quality,0.99609375,1,Sano,1,Sano
good_quality_1035.jpg,good_quality,0.99609375,1,Sano,1,Sano
good_quality_358.jpg,good_quality,0.99609375,1,Sano,1,Sano
good_quality_868.jpg,good_quality,0.99609375,1,Sano,1,Sano
good_quality_500.jpg,good_quality,0.99609375,1,Sano,1,Sano
good_quality_351.jpg,good_quality,0.99609375,1,Sano,1,Sano
good_quality_133.jpg,good_quality,0.99609375,1,Sano,1,Sano
good_quality_719.jpg,good_quality,0.99609375,1,Sano,1,Sano
good_quality_792.jpg,good_quality,0.99609375,1,Sano,1,Sano
good_quality_539.jpg,good_quality,0.99609375,1,Sano,1,Sano
good_quality_198.jpg,good_quality,0.99609375,1,Sano,1,Sano
good_quality_257.jpg,good_quality,0.99609375,1,Sano,1,Sano
good_quality_366.jpg,good_quality,0.99609375,1,Sano,1,Sano
good_quality_182.jpg,good_quality,0.99609375,1,Sano,1,Sano
good_quality_219.jpg,good_quality,0.99609375,1,Sano,1,Sano
good_quality_973.jpg,good_quality,0.99609375,1,Sano,1,Sano
good_quality_777.jpg,good_quality,0.99609375,1,Sano,1,Sano
good_quality_967.jpg,good_quality,0.99609375,1,Sano,1,Sano
good_quality_89.jpg,good_quality,0.99609375,1,Sano,1,Sano
good_quality_974.jpg,good_quality,0.99609375,1,Sano,1,Sano
good_quality_766.jpg,good_quality,0.99609375,1,Sano,1,Sano
good_quality_1050.jpg,good_quality,0.99609375,1,Sano,1,Sano
good_quality_477.jpg,good_quality,0.99609375,1,Sano,1,Sano
good_quality_155.jpg,good_quality,0.99609375,1,Sano,1,Sano
good_quality_788.jpg,good_quality,0.99609375,1,Sano,1,Sano
good_quality_809.jpg,good_quality,0.99609375,1,Sano,1,Sano
good_quality_924.jpg,good_quality,0.99609375,1,Sano,1,Sano
good_quality_831.jpg,good_quality,0.99609375,1,Sano,1,Sano
good_quality_1116.jpg,good_quality,0.99609375,1,Sano,1,Sano
good_quality_238.jpg,good_quality,0.99609375,1,Sano,1,Sano
good_quality_102.jpg,good_quality,0.99609375,1,Sano,1,Sano
good_quality_735.jpg,good_quality,0.99609375,1,Sano,1,Sano
good_quality_1055.jpg,good_quality,0.99609375,1,Sano,1,Sano
good_quality_479.jpg,good_quality,0.99609375,1,Sano,1,Sano
good_quality_337.jpg,good_quality,0.99609375,1,Sano,1,Sano
good_quality_80.jpg,good_quality,0.99609375,1,Sano,1,Sano
good_quality_59.jpg,good_quality,0.99609375,1,Sano,1,Sano
good_quality_893.jpg,good_quality,0.99609375,1,Sano,1,Sano
good_quality_84.jpg,good_quality,0.99609375,1,Sano,1,Sano
good_quality_331.jpg,good_quality,0.99609375,1,Sano,1,Sano
good_quality_496.jpg,good_quality,0.99609375,1,Sano,1,Sano
good_quality_661.jpg,good_quality,0.99609375,1,Sano,1,Sano
good_quality_204.jpg,good_quality,0.99609375,1,Sano,1,Sano
good_quality_702.jpg,good_quality,0.99609375,1,Sano,1,Sano
good_quality_704.jpg,good_quality,0.99609375,1,Sano,1,Sano
good_quality_465.jpg,good_quality,0.99609375,1,Sano,1,Sano
good_quality_172.jpg,good_quality,0.99609375,1,Sano,1,Sano
good_quality_899.jpg,good_quality,0.99609375,1,Sano,1,Sano
good_quality_449.jpg,good_quality,0.99609375,1,Sano,1,Sano
good_quality_344.jpg,good_quality,0.99609375,1,Sano,1,Sano
good_quality_895.jpg,good_quality,0.99609375,1,Sano,1,Sano
good_quality_349.jpg,good_quality,0.99609375,1,Sano,1,Sano
good_quality_589.jpg,good_quality,0.99609375,1,Sano,1,Sano
good_quality_229.jpg,good_quality,0.99609375,1,Sano,1,Sano
good_quality_499.jpg,good_quality,0.99609375,1,Sano,1,Sano
good_quality_110.jpg,good_quality,0.99609375,1,Sano,1,Sano
good_quality_635.jpg,good_quality,0.99609375,1,Sano,1,Sano
good_quality_450.jpg,good_quality,0.99609375,1,Sano,1,Sano
good_quality_883.jpg,good_quality,0.99609375,1,Sano,1,Sano
good_quality_439.jpg,good_quality,0.99609375,1,Sano,1,Sano
good_quality_803.jpg,good_quality,0.99609375,1,Sano,1,Sano
good_quality_103.jpg,good_quality,0.99609375,1,Sano,1,Sano
good_quality_1031.jpg,good_quality,0.99609375,1,Sano,1,Sano
good_quality_642.jpg,good_quality,0.99609375,1,Sano,1,Sano
good_quality_260.jpg,good_quality,0.99609375,1,Sano,1,Sano
good_quality_553.jpg,good_quality,0.99609375,1,Sano,1,Sano
good_quality_1014.jpg,good_quality,0.99609375,1,Sano,1,Sano
good_quality_969.jpg,good_quality,0.99609375,1,Sano,1,Sano
good_quality_46.jpg,good_quality,0.99609375,1,Sano,1,Sano
good_quality_980.jpg,good_quality,0.89453125,1,Sano,1,Sano
good_quality_190.jpg,good_quality,0.99609375,1,Sano,1,Sano
good_quality_290.jpg,good_quality,0.99609375,1,Sano,1,Sano
good_quality_894.jpg,good_quality,0.99609375,1,Sano,1,Sano
good_quality_492.jpg,good_quality,0.99609375,1,Sano,1,Sano
good_quality_911.jpg,good_quality,0.99609375,1,Sano,1,Sano
good_quality_549.jpg,good_quality,0.99609375,1,Sano,1,Sano
good_quality_123.jpg,good_quality,0.99609375,1,Sano,1,Sano
good_quality_134.jpg,good_quality,0.99609375,1,Sano,1,Sano
good_quality_720.jpg,good_quality,0.9921875,1,Sano,1,Sano
good_quality_34.jpg,good_quality,0.99609375,1,Sano,1,Sano
good_quality_1060.jpg,good_quality,0.99609375,1,Sano,1,Sano
good_quality_425.jpg,good_quality,0.99609375,1,Sano,1,Sano
good_quality_829.jpg,good_quality,0.99609375,1,Sano,1,Sano
good_quality_296.jpg,good_quality,0.99609375,1,Sano,1,Sano
good_quality_263.jpg,good_quality,0.99609375,1,Sano,1,Sano
good_quality_843.jpg,good_quality,0.99609375,1,Sano,1,Sano
good_quality_1048.jpg,good_quality,0.99609375,1,Sano,1,Sano
good_quality_509.jpg,good_quality,0.99609375,1,Sano,1,Sano
good_quality_746.jpg,good_quality,0.99609375,1,Sano,1,Sano
good_quality_759.jpg,good_quality,0.99609375,1,Sano,1,Sano
good_quality_222.jpg,good_quality,0.99609375,1,Sano,1,Sano
good_quality_618.jpg,good_quality,0.99609375,1,Sano,1,Sano
good_quality_483.jpg,good_quality,0.99609375,1,Sano,1,Sano
good_quality_942.jpg,good_quality,0.99609375,1,Sano,1,Sano
good_quality_316.jpg,good_quality,0.99609375,1,Sano,1,Sano
good_quality_279.jpg,good_quality,0.99609375,1,Sano,1,Sano
good_quality_613.jpg,good_quality,0.99609375,1,Sano,1,Sano
good_quality_543.jpg,good_quality,0.99609375,1,Sano,1,Sano
good_quality_1123.jpg,good_quality,0.99609375,1,Sano,1,Sano
good_quality_655.jpg,good_quality,0.99609375,1,Sano,1,Sano
good_quality_416.jpg,good_quality,0.99609375,1,Sano,1,Sano
good_quality_348.jpg,good_quality,0.99609375,1,Sano,1,Sano
good_quality_47.jpg,good_quality,0.99609375,1,Sano,1,Sano
good_quality_880.jpg,good_quality,0.99609375,1,Sano,1,Sano
good_quality_1104.jpg,good_quality,0.99609375,1,Sano,1,Sano
good_quality_217.jpg,good_quality,0.99609375,1,Sano,1,Sano
good_quality_281.jpg,good_quality,0.99609375,1,Sano,1,Sano
good_quality_1001.jpg,good_quality,0.99609375,1,Sano,1,Sano
good_quality_634.jpg,good_quality,0.99609375,1,Sano,1,Sano
good_quality_131.jpg,good_quality,0.99609375,1,Sano,1,Sano
good_quality_864.jpg,good_quality,0.99609375,1,Sano,1,Sano
good_quality_749.jpg,good_quality,0.99609375,1,Sano,1,Sano
good_quality_920.jpg,good_quality,0.99609375,1,Sano,1,Sano
good_quality_1077.jpg,good_quality,0.99609375,1,Sano,1,Sano
good_quality_1114.jpg,good_quality,0.99609375,1,Sano,1,Sano
good_quality_797.jpg,good_quality,0.99609375,1,Sano,1,Sano
good_quality_206.jpg,good_quality,0.99609375,1,Sano,1,Sano
good_quality_262.jpg,good_quality,0.99609375,1,Sano,1,Sano
good_quality_769.jpg,good_quality,0.99609375,1,Sano,1,Sano
good_quality_514.jpg,good_quality,0.99609375,1,Sano,1,Sano
good_quality_861.jpg,good_quality,0.99609375,1,Sano,1,Sano
good_quality_187.jpg,good_quality,0.99609375,1,Sano,1,Sano
good_quality_640.jpg,good_quality,0.99609375,1,Sano,1,Sano
good_quality_30.jpg,good_quality,0.99609375,1,Sano,1,Sano
good_quality_552.jpg,good_quality,0.99609375,1,Sano,1,Sano
good_quality_251.jpg,good_quality,0.99609375,1,Sano,1,Sano
good_quality_555.jpg,good_quality,0.99609375,1,Sano,1,Sano
good_quality_9.jpg,good_quality,0.99609375,1,Sano,1,Sano
good_quality_718.jpg,good_quality,0.99609375,1,Sano,1,Sano
good_quality_814.jpg,good_quality,0.99609375,1,Sano,1,Sano
good_quality_82.jpg,good_quality,0.99609375,1,Sano,1,Sano
good_quality_732.jpg,good_quality,0.99609375,1,Sano,1,Sano
good_quality_412.jpg,good_quality,0.99609375,1,Sano,1,Sano
good_quality_629.jpg,good_quality,0.99609375,1,Sano,1,Sano
good_quality_274.jpg,good_quality,0.99609375,1,Sano,1,Sano
good_quality_304.jpg,good_quality,0.99609375,1,Sano,1,Sano
good_quality_650.jpg,good_quality,0.99609375,1,Sano,1,Sano
good_quality_273.jpg,good_quality,0.99609375,1,Sano,1,Sano
good_quality_79.jpg,good_quality,0.99609375,1,Sano,1,Sano
good_quality_921.jpg,good_quality,0.99609375,1,Sano,1,Sano
good_quality_1062.jpg,good_quality,0.99609375,1,Sano,1,Sano
good_quality_1033.jpg,good_quality,0.99609375,1,Sano,1,Sano
good_quality_201.jpg,good_quality,0.99609375,1,Sano,1,Sano
good_quality_94.jpg,good_quality,0.99609375,1,Sano,1,Sano
good_quality_590.jpg,good_quality,0.99609375,1,Sano,1,Sano
good_quality_545.jpg,good_quality,0.99609375,1,Sano,1,Sano
good_quality_1026.jpg,good_quality,0.99609375,1,Sano,1,Sano
good_quality_929.jpg,good_quality,0.99609375,1,Sano,1,Sano
good_quality_268.jpg,good_quality,0.99609375,1,Sano,1,Sano
good_quality_397.jpg,good_quality,0.99609375,1,Sano,1,Sano
good_quality_564.jpg,good_quality,0.99609375,1,Sano,1,Sano
good_quality_660.jpg,good_quality,0.99609375,1,Sano,1,Sano
good_quality_244.jpg,good_quality,0.99609375,1,Sano,1,Sano
good_quality_622.jpg,good_quality,0.99609375,1,Sano,1,Sano
good_quality_391.jpg,good_quality,0.99609375,1,Sano,1,Sano
good_quality_7.jpg,good_quality,0.99609375,1,Sano,1,Sano
good_quality_714.jpg,good_quality,0.99609375,1,Sano,1,Sano
good_quality_945.jpg,good_quality,0.99609375,1,Sano,1,Sano
good_quality_1037.jpg,good_quality,0.99609375,1,Sano,1,Sano
good_quality_8.jpg,good_quality,0.99609375,1,Sano,1,Sano
good_quality_663.jpg,good_quality,0.99609375,1,Sano,1,Sano
good_quality_982.jpg,good_quality,0.99609375,1,Sano,1,Sano
good_quality_359.jpg,good_quality,0.99609375,1,Sano,1,Sano
good_quality_986.jpg,good_quality,0.99609375,1,Sano,1,Sano
good_quality_185.jpg,good_quality,0.99609375,1,Sano,1,Sano
good_quality_996.jpg,good_quality,0.99609375,1,Sano,1,Sano
good_quality_1022.jpg,good_quality,0.99609375,1,Sano,1,Sano
good_quality_695.jpg,good_quality,0.99609375,1,Sano,1,Sano
good_quality_228.jpg,good_quality,0.99609375,1,Sano,1,Sano
good_quality_1007.jpg,good_quality,0.99609375,1,Sano,1,Sano
good_quality_402.jpg,good_quality,0.99609375,1,Sano,1,Sano
good_quality_877.jpg,good_quality,0.99609375,1,Sano,1,Sano
good_quality_1012.jpg,good_quality,0.99609375,1,Sano,1,Sano
good_quality_961.jpg,good_quality,0.99609375,1,Sano,1,Sano
good_quality_140.jpg,good_quality,0.99609375,1,Sano,1,Sano
good_quality_1.jpg,good_quality,0.99609375,1,Sano,1,Sano
good_quality_579.jpg,good_quality,0.99609375,1,Sano,1,Sano
good_quality_179.jpg,good_quality,0.99609375,1,Sano,1,Sano
good_quality_595.jpg,good_quality,0.99609375,1,Sano,1,Sano
good_quality_282.jpg,good_quality,0.99609375,1,Sano,1,Sano
good_quality_885.jpg,good_quality,0.99609375,1,Sano,1,Sano
good_quality_1093.jpg,good_quality,0.99609375,1,Sano,1,Sano
good_quality_665.jpg,good_quality,0.99609375,1,Sano,1,Sano
good_quality_830.jpg,good_quality,0.99609375,1,Sano,1,Sano
good_quality_210.jpg,good_quality,0.99609375,1,Sano,1,Sano
good_quality_1056.jpg,good_quality,0.99609375,1,Sano,1,Sano
good_quality_37.jpg,good_quality,0.99609375,1,Sano,1,Sano
good_quality_571.jpg,good_quality,0.99609375,1,Sano,1,Sano
good_quality_214.jpg,good_quality,0.99609375,1,Sano,1,Sano
good_quality_856.jpg,good_quality,0.99609375,1,Sano,1,Sano
good_quality_132.jpg,good_quality,0.99609375,1,Sano,1,Sano
good_quality_112.jpg,good_quality,0.99609375,1,Sano,1,Sano
good_quality_29.jpg,good_quality,0.99609375,1,Sano,1,Sano
good_quality_658.jpg,good_quality,0.99609375,1,Sano,1,Sano
good_quality_341.jpg,good_quality,0.99609375,1,Sano,1,Sano
good_quality_1017.jpg,good_quality,0.99609375,1,Sano,1,Sano
good_quality_601.jpg,good_quality,0.99609375,1,Sano,1,Sano
good_quality_1121.jpg,good_quality,0.99609375,1,Sano,1,Sano
good_quality_350.jpg,good_quality,0.99609375,1,Sano,1,Sano
good_quality_538.jpg,good_quality,0.99609375,1,Sano,1,Sano
good_quality_668.jpg,good_quality,0.99609375,1,Sano,1,Sano
good_quality_656.jpg,good_quality,0.99609375,1,Sano,1,Sano
good_quality_362.jpg,good_quality,0.99609375,1,Sano,1,Sano
good_quality_625.jpg,good_quality,0.99609375,1,Sano,1,Sano
good_quality_28.jpg,good_quality,0.99609375,1,Sano,1,Sano
good_quality_168.jpg,good_quality,0.99609375,1,Sano,1,Sano
good_quality_130.jpg,good_quality,0.99609375,1,Sano,1,Sano
good_quality_115.jpg,good_quality,0.99609375,1,Sano,1,Sano
good_quality_728.jpg,good_quality,0.99609375,1,Sano,1,Sano
good_quality_1073.jpg,good_quality,0.99609375,1,Sano,1,Sano
good_quality_1091.jpg,good_quality,0.99609375,1,Sano,1,Sano
good_quality_743.jpg,good_quality,0.99609375,1,Sano,1,Sano
good_quality_120.jpg,good_quality,0.99609375,1,Sano,1,Sano
good_quality_284.jpg,good_quality,0.99609375,1,Sano,1,Sano
good_quality_953.jpg,good_quality,0.99609375,1,Sano,1,Sano
good_quality_38.jpg,good_quality,0.99609375,1,Sano,1,Sano
good_quality_940.jpg,good_quality,0.99609375,1,Sano,1,Sano
good_quality_897.jpg,good_quality,0.99609375,1,Sano,1,Sano
good_quality_368.jpg,good_quality,0.99609375,1,Sano,1,Sano
good_quality_841.jpg,good_quality,0.99609375,1,Sano,1,Sano
good_quality_544.jpg,good_quality,0.99609375,1,Sano,1,Sano
good_quality_890.jpg,good_quality,0.99609375,1,Sano,1,Sano
good_quality_415.jpg,good_quality,0.99609375,1,Sano,1,Sano
good_quality_884.jpg,good_quality,0.99609375,1,Sano,1,Sano
good_quality_157.jpg,good_quality,0.99609375,1,Sano,1,Sano
good_quality_580.jpg,good_quality,0.99609375,1,Sano,1,Sano
good_quality_239.jpg,good_quality,0.99609375,1,Sano,1,Sano
good_quality_387.jpg,good_quality,0.99609375,1,Sano,1,Sano
good_quality_173.jpg,good_quality,0.99609375,1,Sano,1,Sano
good_quality_823.jpg,good_quality,0.99609375,1,Sano,1,Sano
good_quality_603.jpg,good_quality,0.99609375,1,Sano,1,Sano
good_quality_381.jpg,good_quality,0.99609375,1,Sano,1,Sano
good_quality_754.jpg,good_quality,0.99609375,1,Sano,1,Sano
good_quality_1052.jpg,good_quality,0.99609375,1,Sano,1,Sano
good_quality_457.jpg,good_quality,0.99609375,1,Sano,1,Sano
good_quality_750.jpg,good_quality,0.99609375,1,Sano,1,Sano
good_quality_965.jpg,good_quality,0.99609375,1,Sano,1,Sano
good_quality_511.jpg,good_quality,0.99609375,1,Sano,1,Sano
good_quality_783.jpg,good_quality,0.99609375,1,Sano,1,Sano
good_quality_227.jpg,good_quality,0.99609375,1,Sano,1,Sano
good_quality_805.jpg,good_quality,0.99609375,1,Sano,1,Sano
good_quality_848.jpg,good_quality,0.99609375,1,Sano,1,Sano
good_quality_753.jpg,good_quality,0.99609375,1,Sano,1,Sano
good_quality_411.jpg,good_quality,0.99609375,1,Sano,1,Sano
good_quality_870.jpg,good_quality,0.99609375,1,Sano,1,Sano
good_quality_105.jpg,good_quality,0.99609375,1,Sano,1,Sano
good_quality_506.jpg,good_quality,0.99609375,1,Sano,1,Sano
good_quality_6.jpg,good_quality,0.99609375,1,Sano,1,Sano
good_quality_993.jpg,good_quality,0.99609375,1,Sano,1,Sano
good_quality_88.jpg,good_quality,0.99609375,1,Sano,1,Sano
good_quality_384.jpg,good_quality,0.99609375,1,Sano,1,Sano
good_quality_319.jpg,good_quality,0.99609375,1,Sano,1,Sano
good_quality_464.jpg,good_quality,0.99609375,1,Sano,1,Sano
good_quality_502.jpg,good_quality,0.99609375,1,Sano,1,Sano
good_quality_221.jpg,good_quality,0.99609375,1,Sano,1,Sano
good_quality_326.jpg,good_quality,0.99609375,1,Sano,1,Sano
good_quality_5.jpg,good_quality,0.99609375,1,Sano,1,Sano
good_quality_305.jpg,good_quality,0.99609375,1,Sano,1,Sano
good_quality_561.jpg,good_quality,0.99609375,1,Sano,1,Sano
good_quality_998.jpg,good_quality,0.99609375,1,Sano,1,Sano
good_quality_1025.jpg,good_quality,0.99609375,1,Sano,1,Sano
good_quality_81.jpg,good_quality,0.99609375,1,Sano,1,Sano
good_quality_520.jpg,good_quality,0.99609375,1,Sano,1,Sano
good_quality_669.jpg,good_quality,0.99609375,1,Sano,1,Sano
good_quality_764.jpg,good_quality,0.99609375,1,Sano,1,Sano
good_quality_729.jpg,good_quality,0.99609375,1,Sano,1,Sano
good_quality_604.jpg,good_quality,0.99609375,1,Sano,1,Sano
good_quality_542.jpg,good_quality,0.99609375,1,Sano,1,Sano
good_quality_628.jpg,good_quality,0.99609375,1,Sano,1,Sano
good_quality_776.jpg,good_quality,0.99609375,1,Sano,1,Sano
good_quality_1046.jpg,good_quality,0.99609375,1,Sano,1,Sano
good_quality_643.jpg,good_quality,0.99609375,1,Sano,1,Sano
good_quality_18.jpg,good_quality,0.99609375,1,Sano,1,Sano
good_quality_989.jpg,good_quality,0.99609375,1,Sano,1,Sano
good_quality_138.jpg,good_quality,0.98828125,1,Sano,1,Sano
good_quality_45.jpg,good_quality,0.99609375,1,Sano,1,Sano
good_quality_31.jpg,good_quality,0.99609375,1,Sano,1,Sano
good_quality_226.jpg,good_quality,0.99609375,1,Sano,1,Sano
good_quality_954.jpg,good_quality,0.99609375,1,Sano,1,Sano
good_quality_519.jpg,good_quality,0.99609375,1,Sano,1,Sano
good_quality_708.jpg,good_quality,0.99609375,1,Sano,1,Sano
good_quality_512.jpg,good_quality,0.99609375,1,Sano,1,Sano
good_quality_558.jpg,good_quality,0.99609375,1,Sano,1,Sano
good_quality_119.jpg,good_quality,0.99609375,1,Sano,1,Sano
good_quality_624.jpg,good_quality,0.99609375,1,Sano,1,Sano
good_quality_674.jpg,good_quality,0.99609375,1,Sano,1,Sano
good_quality_810.jpg,good_quality,0.99609375,1,Sano,1,Sano
good_quality_1034.jpg,good_quality,0.99609375,1,Sano,1,Sano
good_quality_637.jpg,good_quality,0.99609375,1,Sano,1,Sano
good_quality_65.jpg,good_quality,0.99609375,1,Sano,1,Sano
good_quality_1115.jpg,good_quality,0.99609375,1,Sano,1,Sano
good_quality_672.jpg,good_quality,0.99609375,1,Sano,1,Sano
good_quality_310.jpg,good_quality,0.99609375,1,Sano,1,Sano
good_quality_445.jpg,good_quality,0.99609375,1,Sano,1,Sano
good_quality_495.jpg,good_quality,0.99609375,1,Sano,1,Sano
good_quality_886.jpg,good_quality,0.99609375,1,Sano,1,Sano
good_quality_149.jpg,good_quality,0.99609375,1,Sano,1,Sano
good_quality_448.jpg,good_quality,0.99609375,1,Sano,1,Sano
good_quality_636.jpg,good_quality,0.99609375,1,Sano,1,Sano
good_quality_1005.jpg,good_quality,0.99609375,1,Sano,1,Sano
good_quality_256.jpg,good_quality,0.99609375,1,Sano,1,Sano
good_quality_932.jpg,good_quality,0.99609375,1,Sano,1,Sano
good_quality_294.jpg,good_quality,0.99609375,1,Sano,1,Sano
good_quality_1070.jpg,good_quality,0.99609375,1,Sano,1,Sano
good_quality_615.jpg,good_quality,0.99609375,1,Sano,1,Sano
good_quality_546.jpg,good_quality,0.99609375,1,Sano,1,Sano
good_quality_36.jpg,good_quality,0.99609375,1,Sano,1,Sano
good_quality_978.jpg,good_quality,0.99609375,1,Sano,1,Sano
good_quality_1079.jpg,good_quality,0.99609375,1,Sano,1,Sano
good_quality_453.jpg,good_quality,0.99609375,1,Sano,1,Sano
good_quality_855.jpg,good_quality,0.99609375,1,Sano,1,Sano
good_quality_977.jpg,good_quality,0.99609375,1,Sano,1,Sano
good_quality_647.jpg,good_quality,0.99609375,1,Sano,1,Sano
good_quality_559.jpg,good_quality,0.99609375,1,Sano,1,Sano
good_quality_817.jpg,good_quality,0.99609375,1,Sano,1,Sano
good_quality_242.jpg,good_quality,0.99609375,1,Sano,1,Sano
good_quality_230.jpg,good_quality,0.99609375,1,Sano,1,Sano
good_quality_401.jpg,good_quality,0.99609375,1,Sano,1,Sano
good_quality_237.jpg,good_quality,0.99609375,1,Sano,1,Sano
good_quality_376.jpg,good_quality,0.99609375,1,Sano,1,Sano
good_quality_531.jpg,good_quality,0.99609375,1,Sano,1,Sano
good_quality_904.jpg,good_quality,0.99609375,1,Sano,1,Sano
good_quality_452.jpg,good_quality,0.99609375,1,Sano,1,Sano
good_quality_734.jpg,good_quality,0.99609375,1,Sano,1,Sano
good_quality_153.jpg,good_quality,0.99609375,1,Sano,1,Sano
good_quality_933.jpg,good_quality,0.99609375,1,Sano,1,Sano
good_quality_270.jpg,good_quality,0.99609375,1,Sano,1,Sano
good_quality_839.jpg,good_quality,0.99609375,1,Sano,1,Sano
good_quality_703.jpg,good_quality,0.99609375,1,Sano,1,Sano
good_quality_329.jpg,good_quality,0.99609375,1,Sano,1,Sano
good_quality_85.jpg,good_quality,0.99609375,1,Sano,1,Sano
good_quality_781.jpg,good_quality,0.99609375,1,Sano,1,Sano
good_quality_363.jpg,good_quality,0.99609375,1,Sano,1,Sano
good_quality_938.jpg,good_quality,0.99609375,1,Sano,1,Sano
good_quality_1097.jpg,good_quality,0.99609375,1,Sano,1,Sano
good_quality_584.jpg,good_quality,0.99609375,1,Sano,1,Sano
good_quality_241.jpg,good_quality,0.99609375,1,Sano,1,Sano
good_quality_202.jpg,good_quality,0.99609375,1,Sano,1,Sano
good_quality_821.jpg,good_quality,0.99609375,1,Sano,1,Sano
good_quality_963.jpg,good_quality,0.99609375,1,Sano,1,Sano
good_quality_289.jpg,good_quality,0.99609375,1,Sano,1,Sano
good_quality_286.jpg,good_quality,0.99609375,1,Sano,1,Sano
good_quality_196.jpg,good_quality,0.99609375,1,Sano,1,Sano
good_quality_100.jpg,good_quality,0.99609375,1,Sano,1,Sano
good_quality_73.jpg,good_quality,0.99609375,1,Sano,1,Sano
good_quality_414.jpg,good_quality,0.99609375,1,Sano,1,Sano
good_quality_247.jpg,good_quality,0.99609375,1,Sano,1,Sano
good_quality_657.jpg,good_quality,0.99609375,1,Sano,1,Sano
good_quality_72.jpg,good_quality,0.99609375,1,Sano,1,Sano
good_quality_567.jpg,good_quality,0.99609375,1,Sano,1,Sano
good_quality_189.jpg,good_quality,0.99609375,1,Sano,1,Sano
good_quality_332.jpg,good_quality,0.99609375,1,Sano,1,Sano
good_quality_456.jpg,good_quality,0.99609375,1,Sano,1,Sano
good_quality_441.jpg,good_quality,0.99609375,1,Sano,1,Sano
good_quality_935.jpg,good_quality,0.99609375,1,Sano,1,Sano
good_quality_891.jpg,good_quality,0.9921875,1,Sano,1,Sano
good_quality_879.jpg,good_quality,0.99609375,1,Sano,1,Sano
good_quality_432.jpg,good_quality,0.99609375,1,Sano,1,Sano
good_quality_1009.jpg,good_quality,0.99609375,1,Sano,1,Sano
good_quality_957.jpg,good_quality,0.99609375,1,Sano,1,Sano
good_quality_67.jpg,good_quality,0.99609375,1,Sano,1,Sano
good_quality_1089.jpg,good_quality,0.99609375,1,Sano,1,Sano
good_quality_808.jpg,good_quality,0.99609375,1,Sano,1,Sano
good_quality_747.jpg,good_quality,0.99609375,1,Sano,1,Sano
good_quality_275.jpg,good_quality,0.99609375,1,Sano,1,Sano
good_quality_258.jpg,good_quality,0.99609375,1,Sano,1,Sano
good_quality_1096.jpg,good_quality,0.99609375,1,Sano,1,Sano
good_quality_143.jpg,good_quality,0.99609375,1,Sano,1,Sano
good_quality_1029.jpg,good_quality,0.99609375,1,Sano,1,Sano
good_quality_56.jpg,good_quality,0.99609375,1,Sano,1,Sano
good_quality_794.jpg,good_quality,0.99609375,1,Sano,1,Sano
good_quality_17.jpg,good_quality,0.99609375,1,Sano,1,Sano
good_quality_594.jpg,good_quality,0.99609375,1,Sano,1,Sano
good_quality_108.jpg,good_quality,0.99609375,1,Sano,1,Sano
good_quality_698.jpg,good_quality,0.99609375,1,Sano,1,Sano
good_quality_723.jpg,good_quality,0.99609375,1,Sano,1,Sano
good_quality_627.jpg,good_quality,0.99609375,1,Sano,1,Sano
good_quality_460.jpg,good_quality,0.99609375,1,Sano,1,Sano
good_quality_306.jpg,good_quality,0.99609375,1,Sano,1,Sano
good_quality_277.jpg,good_quality,0.99609375,1,Sano,1,Sano
good_quality_418.jpg,good_quality,0.99609375,1,Sano,1,Sano
good_quality_321.jpg,good_quality,0.99609375,1,Sano,1,Sano
good_quality_593.jpg,good_quality,0.99609375,1,Sano,1,Sano
good_quality_971.jpg,good_quality,0.99609375,1,Sano,1,Sano
good_quality_925.jpg,good_quality,0.99609375,1,Sano,1,Sano
good_quality_774.jpg,good_quality,0.99609375,1,Sano,1,Sano
good_quality_440.jpg,good_quality,0.99609375,1,Sano,1,Sano
good_quality_356.jpg,good_quality,0.99609375,1,Sano,1,Sano
good_quality_947.jpg,good_quality,0.99609375,1,Sano,1,Sano
good_quality_916.jpg,good_quality,0.99609375,1,Sano,1,Sano
good_quality_905.jpg,good_quality,0.99609375,1,Sano,1,Sano
good_quality_1058.jpg,good_quality,0.99609375,1,Sano,1,Sano
good_quality_959.jpg,good_quality,0.99609375,1,Sano,1,Sano
good_quality_541.jpg,good_quality,0.99609375,1,Sano,1,Sano
good_quality_869.jpg,good_quality,0.99609375,1,Sano,1,Sano
good_quality_847.jpg,good_quality,0.99609375,1,Sano,1,Sano
good_quality_1111.jpg,good_quality,0.99609375,1,Sano,1,Sano
good_quality_901.jpg,good_quality,0.99609375,1,Sano,1,Sano
good_quality_208.jpg,good_quality,0.99609375,1,Sano,1,Sano
good_quality_174.jpg,good_quality,0.99609375,1,Sano,1,Sano
good_quality_984.jpg,good_quality,0.99609375,1,Sano,1,Sano
good_quality_447.jpg,good_quality,0.99609375,1,Sano,1,Sano
good_quality_33.jpg,good_quality,0.99609375,1,Sano,1,Sano
good_quality_1053.jpg,good_quality,0.99609375,1,Sano,1,Sano
good_quality_76.jpg,good_quality,0.99609375,1,Sano,1,Sano
good_quality_184.jpg,good_quality,0.99609375,1,Sano,1,Sano
good_quality_322.jpg,good_quality,0.99609375,1,Sano,1,Sano
good_quality_680.jpg,good_quality,0.99609375,1,Sano,1,Sano
good_quality_181.jpg,good_quality,0.99609375,1,Sano,1,Sano
good_quality_197.jpg,good_quality,0.99609375,1,Sano,1,Sano
good_quality_576.jpg,good_quality,0.99609375,1,Sano,1,Sano
good_quality_334.jpg,good_quality,0.99609375,1,Sano,1,Sano
good_quality_757.jpg,good_quality,0.99609375,1,Sano,1,Sano
good_quality_796.jpg,good_quality,0.99609375,1,Sano,1,Sano
good_quality_609.jpg,good_quality,0.99609375,1,Sano,1,Sano
good_quality_403.jpg,good_quality,0.99609375,1,Sano,1,Sano
good_quality_128.jpg,good_quality,0.99609375,1,Sano,1,Sano
good_quality_878.jpg,good_quality,0.99609375,1,Sano,1,Sano
good_quality_1090.jpg,good_quality,0.99609375,1,Sano,1,Sano
good_quality_1092.jpg,good_quality,0.99609375,1,Sano,1,Sano
good_quality_481.jpg,good_quality,0.99609375,1,Sano,1,Sano
good_quality_659.jpg,good_quality,0.99609375,1,Sano,1,Sano
good_quality_709.jpg,good_quality,0.99609375,1,Sano,1,Sano
good_quality_23.jpg,good_quality,0.99609375,1,Sano,1,Sano
good_quality_52.jpg,good_quality,0.99609375,1,Sano,1,Sano
good_quality_240.jpg,good_quality,0.99609375,1,Sano,1,Sano
good_quality_557.jpg,good_quality,0.99609375,1,Sano,1,Sano
good_quality_280.jpg,good_quality,0.99609375,1,Sano,1,Sano
good_quality_423.jpg,good_quality,0.99609375,1,Sano,1,Sano
good_quality_407.jpg,good_quality,0.99609375,1,Sano,1,Sano
good_quality_1049.jpg,good_quality,0.99609375,1,Sano,1,Sano
good_quality_327.jpg,good_quality,0.99609375,1,Sano,1,Sano
good_quality_199.jpg,good_quality,0.99609375,1,Sano,1,Sano
good_quality_1110.jpg,good_quality,0.99609375,1,Sano,1,Sano
good_quality_472.jpg,good_quality,0.99609375,1,Sano,1,Sano
good_quality_717.jpg,good_quality,0.99609375,1,Sano,1,Sano
good_quality_97.jpg,good_quality,0.99609375,1,Sano,1,Sano
good_quality_800.jpg,good_quality,0.99609375,1,Sano,1,Sano
good_quality_1042.jpg,good_quality,0.99609375,1,Sano,1,Sano
good_quality_992.jpg,good_quality,0.99609375,1,Sano,1,Sano
good_quality_485.jpg,good_quality,0.99609375,1,Sano,1,Sano
good_quality_572.jpg,good_quality,0.99609375,1,Sano,1,Sano
good_quality_1041.jpg,good_quality,0.99609375,1,Sano,1,Sano
good_quality_874.jpg,good_quality,0.99609375,1,Sano,1,Sano
good_quality_600.jpg,good_quality,0.99609375,1,Sano,1,Sano
good_quality_742.jpg,good_quality,0.99609375,1,Sano,1,Sano
good_quality_999.jpg,good_quality,0.99609375,1,Sano,1,Sano
good_quality_850.jpg,good_quality,0.99609375,1,Sano,1,Sano
good_quality_725.jpg,good_quality,0.99609375,1,Sano,1,Sano
good_quality_990.jpg,good_quality,0.99609375,1,Sano,1,Sano
good_quality_154.jpg,good_quality,0.953125,1,Sano,1,Sano
good_quality_966.jpg,good_quality,0.99609375,1,Sano,1,Sano
good_quality_846.jpg,good_quality,0.99609375,1,Sano,1,Sano
good_quality_853.jpg,good_quality,0.99609375,1,Sano,1,Sano
good_quality_19.jpg,good_quality,0.89453125,1,Sano,1,Sano
good_quality_536.jpg,good_quality,0.99609375,1,Sano,1,Sano
good_quality_733.jpg,good_quality,0.99609375,1,Sano,1,Sano
good_quality_547.jpg,good_quality,0.99609375,1,Sano,1,Sano
good_quality_902.jpg,good_quality,0.99609375,1,Sano,1,Sano
good_quality_1004.jpg,good_quality,0.99609375,1,Sano,1,Sano
good_quality_137.jpg,good_quality,0.99609375,1,Sano,1,Sano
good_quality_1071.jpg,good_quality,0.99609375,1,Sano,1,Sano
good_quality_820.jpg,good_quality,0.99609375,1,Sano,1,Sano
good_quality_682.jpg,good_quality,0.99609375,1,Sano,1,Sano
good_quality_772.jpg,good_quality,0.99609375,1,Sano,1,Sano
good_quality_673.jpg,good_quality,0.99609375,1,Sano,1,Sano
good_quality_12.jpg,good_quality,0.99609375,1,Sano,1,Sano
good_quality_638.jpg,good_quality,0.99609375,1,Sano,1,Sano
good_quality_979.jpg,good_quality,0.99609375,1,Sano,1,Sano
good_quality_357.jpg,good_quality,0.99609375,1,Sano,1,Sano
good_quality_646.jpg,good_quality,0.99609375,1,Sano,1,Sano
good_quality_1075.jpg,good_quality,0.99609375,1,Sano,1,Sano
good_quality_614.jpg,good_quality,0.99609375,1,Sano,1,Sano
good_quality_494.jpg,good_quality,0.99609375,1,Sano,1,Sano
good_quality_489.jpg,good_quality,0.99609375,1,Sano,1,Sano
good_quality_345.jpg,good_quality,0.99609375,1,Sano,1,Sano
good_quality_1098.jpg,good_quality,0.99609375,1,Sano,1,Sano
good_quality_13.jpg,good_quality,0.99609375,1,Sano,1,Sano
good_quality_898.jpg,good_quality,0.99609375,1,Sano,1,Sano
good_quality_612.jpg,good_quality,0.99609375,1,Sano,1,Sano
good_quality_685.jpg,good_quality,0.99609375,1,Sano,1,Sano
good_quality_469.jpg,good_quality,0.99609375,1,Sano,1,Sano
good_quality_991.jpg,good_quality,0.99609375,1,Sano,1,Sano
good_quality_910.jpg,good_quality,0.99609375,1,Sano,1,Sano
good_quality_278.jpg,good_quality,0.99609375,1,Sano,1,Sano
good_quality_918.jpg,good_quality,0.99609375,1,Sano,1,Sano
good_quality_3.jpg,good_quality,0.99609375,1,Sano,1,Sano
good_quality_741.jpg,good_quality,0.99609375,1,Sano,1,Sano
good_quality_117.jpg,good_quality,0.99609375,1,Sano,1,Sano
good_quality_518.jpg,good_quality,0.99609375,1,Sano,1,Sano
good_quality_488.jpg,good_quality,0.99609375,1,Sano,1,Sano
good_quality_200.jpg,good_quality,0.99609375,1,Sano,1,Sano
good_quality_1119.jpg,good_quality,0.99609375,1,Sano,1,Sano
good_quality_727.jpg,good_quality,0.99609375,1,Sano,1,Sano
good_quality_795.jpg,good_quality,0.99609375,1,Sano,1,Sano
good_quality_1020.jpg,good_quality,0.99609375,1,Sano,1,Sano
good_quality_700.jpg,good_quality,0.99609375,1,Sano,1,Sano
good_quality_371.jpg,good_quality,0.99609375,1,Sano,1,Sano
good_quality_315.jpg,good_quality,0.953125,1,Sano,1,Sano
good_quality_4.jpg,good_quality,0.99609375,1,Sano,1,Sano
good_quality_32.jpg,good_quality,0.99609375,1,Sano,1,Sano
good_quality_248.jpg,good_quality,0.99609375,1,Sano,1,Sano
good_quality_300.jpg,good_quality,0.99609375,1,Sano,1,Sano
good_quality_15.jpg,good_quality,0.99609375,1,Sano,1,Sano
good_quality_318.jpg,good_quality,0.99609375,1,Sano,1,Sano
good_quality_292.jpg,good_quality,0.99609375,1,Sano,1,Sano
good_quality_504.jpg,good_quality,0.99609375,1,Sano,1,Sano
good_quality_378.jpg,good_quality,0.99609375,1,Sano,1,Sano
good_quality_213.jpg,good_quality,0.99609375,1,Sano,1,Sano
good_quality_176.jpg,good_quality,0.99609375,1,Sano,1,Sano
good_quality_96.jpg,good_quality,0.99609375,1,Sano,1,Sano
good_quality_367.jpg,good_quality,0.99609375,1,Sano,1,Sano
good_quality_591.jpg,good_quality,0.99609375,1,Sano,1,Sano
good_quality_588.jpg,good_quality,0.99609375,1,Sano,1,Sano
good_quality_968.jpg,good_quality,0.99609375,1,Sano,1,Sano
good_quality_455.jpg,good_quality,0.99609375,1,Sano,1,Sano
good_quality_101.jpg,good_quality,0.99609375,1,Sano,1,Sano
good_quality_598.jpg,good_quality,0.99609375,1,Sano,1,Sano
good_quality_302.jpg,good_quality,0.99609375,1,Sano,1,Sano
good_quality_480.jpg,good_quality,0.99609375,1,Sano,1,Sano
good_quality_706.jpg,good_quality,0.99609375,1,Sano,1,Sano
good_quality_379.jpg,good_quality,0.99609375,1,Sano,1,Sano
good_quality_928.jpg,good_quality,0.99609375,1,Sano,1,Sano
good_quality_662.jpg,good_quality,0.99609375,1,Sano,1,Sano
good_quality_964.jpg,good_quality,0.99609375,1,Sano,1,Sano
good_quality_630.jpg,good_quality,0.99609375,1,Sano,1,Sano
good_quality_170.jpg,good_quality,0.99609375,1,Sano,1,Sano
good_quality_722.jpg,good_quality,0.99609375,1,Sano,1,Sano
good_quality_58.jpg,good_quality,0.99609375,1,Sano,1,Sano
good_quality_573.jpg,good_quality,0.99609375,1,Sano,1,Sano
good_quality_1044.jpg,good_quality,0.99609375,1,Sano,1,Sano
good_quality_995.jpg,good_quality,0.99609375,1,Sano,1,Sano
good_quality_761.jpg,good_quality,0.99609375,1,Sano,1,Sano
good_quality_144.jpg,good_quality,0.99609375,1,Sano,1,Sano
good_quality_1030.jpg,good_quality,0.99609375,1,Sano,1,Sano
good_quality_798.jpg,good_quality,0.99609375,1,Sano,1,Sano
good_quality_166.jpg,good_quality,0.99609375,1,Sano,1,Sano
good_quality_582.jpg,good_quality,0.99609375,1,Sano,1,Sano
good_quality_48.jpg,good_quality,0.99609375,1,Sano,1,Sano
good_quality_142.jpg,good_quality,0.99609375,1,Sano,1,Sano
good_quality_50.jpg,good_quality,0.99609375,1,Sano,1,Sano
good_quality_421.jpg,good_quality,0.99609375,1,Sano,1,Sano
good_quality_875.jpg,good_quality,0.99609375,1,Sano,1,Sano
good_quality_325.jpg,good_quality,0.99609375,1,Sano,1,Sano
good_quality_958.jpg,good_quality,0.99609375,1,Sano,1,Sano
good_quality_751.jpg,good_quality,0.99609375,1,Sano,1,Sano
good_quality_952.jpg,good_quality,0.99609375,1,Sano,1,Sano
good_quality_641.jpg,good_quality,0.99609375,1,Sano,1,Sano
good_quality_948.jpg,good_quality,0.99609375,1,Sano,1,Sano
good_quality_983.jpg,good_quality,0.99609375,1,Sano,1,Sano
good_quality_785.jpg,good_quality,0.99609375,1,Sano,1,Sano
good_quality_235.jpg,good_quality,0.99609375,1,Sano,1,Sano
good_quality_534.jpg,good_quality,0.99609375,1,Sano,1,Sano
good_quality_312.jpg,good_quality,0.99609375,1,Sano,1,Sano
good_quality_252.jpg,good_quality,0.99609375,1,Sano,1,Sano
good_quality_484.jpg,good_quality,0.99609375,1,Sano,1,Sano
good_quality_388.jpg,good_quality,0.99609375,1,Sano,1,Sano
good_quality_1024.jpg,good_quality,0.99609375,1,Sano,1,Sano
good_quality_21.jpg,good_quality,0.99609375,1,Sano,1,Sano
good_quality_833.jpg,good_quality,0.99609375,1,Sano,1,Sano
good_quality_209.jpg,good_quality,0.99609375,1,Sano,1,Sano
good_quality_162.jpg,good_quality,0.99609375,1,Sano,1,Sano
good_quality_259.jpg,good_quality,0.99609375,1,Sano,1,Sano
good_quality_400.jpg,good_quality,0.99609375,1,Sano,1,Sano
good_quality_0.jpg,good_quality,0.99609375,1,Sano,1,Sano
good_quality_165.jpg,good_quality,0.99609375,1,Sano,1,Sano
good_quality_854.jpg,good_quality,0.99609375,1,Sano,1,Sano
good_quality_1086.jpg,good_quality,0.99609375,1,Sano,1,Sano
good_quality_623.jpg,good_quality,0.99609375,1,Sano,1,Sano
good_quality_476.jpg,good_quality,0.99609375,1,Sano,1,Sano
good_quality_468.jpg,good_quality,0.99609375,1,Sano,1,Sano
good_quality_730.jpg,good_quality,0.99609375,1,Sano,1,Sano
good_quality_537.jpg,good_quality,0.99609375,1,Sano,1,Sano
good_quality_713.jpg,good_quality,0.99609375,1,Sano,1,Sano
good_quality_787.jpg,good_quality,0.99609375,1,Sano,1,Sano
good_quality_216.jpg,good_quality,0.99609375,1,Sano,1,Sano
good_quality_352.jpg,good_quality,0.99609375,1,Sano,1,Sano
good_quality_438.jpg,good_quality,0.99609375,1,Sano,1,Sano
good_quality_648.jpg,good_quality,0.99609375,1,Sano,1,Sano
good_quality_611.jpg,good_quality,0.99609375,1,Sano,1,Sano
good_quality_871.jpg,good_quality,0.99609375,1,Sano,1,Sano
good_quality_1011.jpg,good_quality,0.99609375,1,Sano,1,Sano
good_quality_1103.jpg,good_quality,0.99609375,1,Sano,1,Sano
good_quality_915.jpg,good_quality,0.99609375,1,Sano,1,Sano
good_quality_900.jpg,good_quality,0.99609375,1,Sano,1,Sano
good_quality_960.jpg,good_quality,0.99609375,1,Sano,1,Sano
good_quality_225.jpg,good_quality,0.99609375,1,Sano,1,Sano
good_quality_592.jpg,good_quality,0.99609375,1,Sano,1,Sano
good_quality_934.jpg,good_quality,0.99609375,1,Sano,1,Sano
good_quality_1109.jpg,good_quality,0.99609375,1,Sano,1,Sano
good_quality_927.jpg,good_quality,0.99609375,1,Sano,1,Sano
good_quality_145.jpg,good_quality,0.99609375,1,Sano,1,Sano
good_quality_66.jpg,good_quality,0.99609375,1,Sano,1,Sano
good_quality_876.jpg,good_quality,0.99609375,1,Sano,1,Sano
good_quality_1054.jpg,good_quality,0.99609375,1,Sano,1,Sano
good_quality_27.jpg,good_quality,0.99609375,1,Sano,1,Sano
good_quality_393.jpg,good_quality,0.99609375,1,Sano,1,Sano
good_quality_20.jpg,good_quality,0.99609375,1,Sano,1,Sano
good_quality_782.jpg,good_quality,0.99609375,1,Sano,1,Sano
good_quality_61.jpg,good_quality,0.99609375,1,Sano,1,Sano
good_quality_309.jpg,good_quality,0.99609375,1,Sano,1,Sano
good_quality_919.jpg,good_quality,0.99609375,1,Sano,1,Sano
good_quality_851.jpg,good_quality,0.99609375,1,Sano,1,Sano
good_quality_192.jpg,good_quality,0.99609375,1,Sano,1,Sano
good_quality_333.jpg,good_quality,0.99609375,1,Sano,1,Sano
good_quality_87.jpg,good_quality,0.99609375,1,Sano,1,Sano
good_quality_563.jpg,good_quality,0.99609375,1,Sano,1,Sano
good_quality_324.jpg,good_quality,0.99609375,1,Sano,1,Sano
good_quality_526.jpg,good_quality,0.99609375,1,Sano,1,Sano
good_quality_293.jpg,good_quality,0.99609375,1,Sano,1,Sano
good_quality_250.jpg,good_quality,0.99609375,1,Sano,1,Sano
good_quality_1072.jpg,good_quality,0.99609375,1,Sano,1,Sano
good_quality_670.jpg,good_quality,0.99609375,1,Sano,1,Sano
good_quality_365.jpg,good_quality,0.99609375,1,Sano,1,Sano
good_quality_842.jpg,good_quality,0.99609375,1,Sano,1,Sano
good_quality_16.jpg,good_quality,0.99609375,1,Sano,1,Sano
good_quality_486.jpg,good_quality,0.99609375,1,Sano,1,Sano
good_quality_697.jpg,good_quality,0.99609375,1,Sano,1,Sano
good_quality_976.jpg,good_quality,0.99609375,1,Sano,1,Sano
good_quality_705.jpg,good_quality,0.9296875,1,Sano,1,Sano
good_quality_528.jpg,good_quality,0.99609375,1,Sano,1,Sano
good_quality_1088.jpg,good_quality,0.99609375,1,Sano,1,Sano
good_quality_1047.jpg,good_quality,0.99609375,1,Sano,1,Sano
good_quality_301.jpg,good_quality,0.99609375,1,Sano,1,Sano
good_quality_231.jpg,good_quality,0.99609375,1,Sano,1,Sano
good_quality_408.jpg,good_quality,0.99609375,1,Sano,1,Sano
good_quality_254.jpg,good_quality,0.99609375,1,Sano,1,Sano
good_quality_466.jpg,good_quality,0.953125,1,Sano,1,Sano
good_quality_369.jpg,good_quality,0.99609375,1,Sano,1,Sano
good_quality_346.jpg,good_quality,0.99609375,1,Sano,1,Sano
good_quality_950.jpg,good_quality,0.99609375,1,Sano,1,Sano
good_quality_285.jpg,good_quality,0.99609375,1,Sano,1,Sano
good_quality_207.jpg,good_quality,0.99609375,1,Sano,1,Sano
good_quality_419.jpg,good_quality,0.99609375,1,Sano,1,Sano
good_quality_726.jpg,good_quality,0.99609375,1,Sano,1,Sano
good_quality_224.jpg,good_quality,0.99609375,1,Sano,1,Sano
good_quality_857.jpg,good_quality,0.99609375,1,Sano,1,Sano
good_quality_987.jpg,good_quality,0.99609375,1,Sano,1,Sano
good_quality_234.jpg,good_quality,0.99609375,1,Sano,1,Sano
good_quality_114.jpg,good_quality,0.99609375,1,Sano,1,Sano
good_quality_610.jpg,good_quality,0.99609375,1,Sano,1,Sano
good_quality_689.jpg,good_quality,0.99609375,1,Sano,1,Sano
good_quality_430.jpg,good_quality,0.99609375,1,Sano,1,Sano
good_quality_806.jpg,good_quality,0.99609375,1,Sano,1,Sano
good_quality_442.jpg,good_quality,0.99609375,1,Sano,1,Sano
good_quality_475.jpg,good_quality,0.99609375,1,Sano,1,Sano
good_quality_626.jpg,good_quality,0.99609375,1,Sano,1,Sano
good_quality_587.jpg,good_quality,0.99609375,1,Sano,1,Sano
good_quality_1117.jpg,good_quality,0.99609375,1,Sano,1,Sano
good_quality_896.jpg,good_quality,0.99609375,1,Sano,1,Sano
good_quality_55.jpg,good_quality,0.99609375,1,Sano,1,Sano
good_quality_955.jpg,good_quality,0.99609375,1,Sano,1,Sano
good_quality_218.jpg,good_quality,0.99609375,1,Sano,1,Sano
good_quality_249.jpg,good_quality,0.99609375,1,Sano,1,Sano
good_quality_619.jpg,good_quality,0.99609375,1,Sano,1,Sano
good_quality_353.jpg,good_quality,0.99609375,1,Sano,1,Sano
good_quality_525.jpg,good_quality,0.99609375,1,Sano,1,Sano
good_quality_994.jpg,good_quality,0.99609375,1,Sano,1,Sano
good_quality_745.jpg,good_quality,0.99609375,1,Sano,1,Sano
good_quality_949.jpg,good_quality,0.99609375,1,Sano,1,Sano
good_quality_688.jpg,good_quality,0.99609375,1,Sano,1,Sano
good_quality_1081.jpg,good_quality,0.99609375,1,Sano,1,Sano
good_quality_92.jpg,good_quality,0.99609375,1,Sano,1,Sano
good_quality_508.jpg,good_quality,0.99609375,1,Sano,1,Sano
good_quality_121.jpg,good_quality,0.99609375,1,Sano,1,Sano
good_quality_269.jpg,good_quality,0.99609375,1,Sano,1,Sano
good_quality_1027.jpg,good_quality,0.99609375,1,Sano,1,Sano
good_quality_74.jpg,good_quality,0.99609375,1,Sano,1,Sano
good_quality_434.jpg,good_quality,0.99609375,1,Sano,1,Sano
good_quality_865.jpg,good_quality,0.99609375,1,Sano,1,Sano
good_quality_532.jpg,good_quality,0.99609375,1,Sano,1,Sano
good_quality_881.jpg,good_quality,0.99609375,1,Sano,1,Sano
good_quality_246.jpg,good_quality,0.99609375,1,Sano,1,Sano
good_quality_70.jpg,good_quality,0.99609375,1,Sano,1,Sano
good_quality_577.jpg,good_quality,0.99609375,1,Sano,1,Sano
good_quality_1018.jpg,good_quality,0.99609375,1,Sano,1,Sano
good_quality_710.jpg,good_quality,0.99609375,1,Sano,1,Sano
good_quality_264.jpg,good_quality,0.99609375,1,Sano,1,Sano
good_quality_930.jpg,good_quality,0.99609375,1,Sano,1,Sano
good_quality_299.jpg,good_quality,0.99609375,1,Sano,1,Sano
good_quality_253.jpg,good_quality,0.99609375,1,Sano,1,Sano
good_quality_1113.jpg,good_quality,0.99609375,1,Sano,1,Sano
good_quality_99.jpg,good_quality,0.99609375,1,Sano,1,Sano
good_quality_838.jpg,good_quality,0.99609375,1,Sano,1,Sano
good_quality_461.jpg,good_quality,0.99609375,1,Sano,1,Sano
good_quality_429.jpg,good_quality,0.99609375,1,Sano,1,Sano
good_quality_633.jpg,good_quality,0.99609375,1,Sano,1,Sano
good_quality_811.jpg,good_quality,0.99609375,1,Sano,1,Sano
good_quality_1043.jpg,good_quality,0.99609375,1,Sano,1,Sano
good_quality_385.jpg,good_quality,0.99609375,1,Sano,1,Sano
good_quality_679.jpg,good_quality,0.99609375,1,Sano,1,Sano
good_quality_888.jpg,good_quality,0.99609375,1,Sano,1,Sano
good_quality_922.jpg,good_quality,0.99609375,1,Sano,1,Sano
good_quality_1067.jpg,good_quality,0.99609375,1,Sano,1,Sano
good_quality_970.jpg,good_quality,0.99609375,1,Sano,1,Sano
good_quality_1039.jpg,good_quality,0.99609375,1,Sano,1,Sano
good_quality_507.jpg,good_quality,0.99609375,1,Sano,1,Sano
good_quality_834.jpg,good_quality,0.99609375,1,Sano,1,Sano
good_quality_684.jpg,good_quality,0.99609375,1,Sano,1,Sano
good_quality_60.jpg,good_quality,0.99609375,1,Sano,1,Sano
good_quality_437.jpg,good_quality,0.99609375,1,Sano,1,Sano
good_quality_62.jpg,good_quality,0.99609375,1,Sano,1,Sano
good_quality_812.jpg,good_quality,0.99609375,1,Sano,1,Sano
good_quality_303.jpg,good_quality,0.99609375,1,Sano,1,Sano
good_quality_535.jpg,good_quality,0.99609375,1,Sano,1,Sano
good_quality_1076.jpg,good_quality,0.99609375,1,Sano,1,Sano
good_quality_347.jpg,good_quality,0.99609375,1,Sano,1,Sano
good_quality_678.jpg,good_quality,0.99609375,1,Sano,1,Sano
good_quality_692.jpg,good_quality,0.99609375,1,Sano,1,Sano
good_quality_233.jpg,good_quality,0.99609375,1,Sano,1,Sano
good_quality_106.jpg,good_quality,0.99609375,1,Sano,1,Sano
good_quality_283.jpg,good_quality,0.99609375,1,Sano,1,Sano
good_quality_436.jpg,good_quality,0.99609375,1,Sano,1,Sano
good_quality_95.jpg,good_quality,0.99609375,1,Sano,1,Sano
good_quality_1013.jpg,good_quality,0.99609375,1,Sano,1,Sano
good_quality_639.jpg,good_quality,0.99609375,1,Sano,1,Sano
good_quality_696.jpg,good_quality,0.99609375,1,Sano,1,Sano
good_quality_474.jpg,good_quality,0.99609375,1,Sano,1,Sano
good_quality_775.jpg,good_quality,0.99609375,1,Sano,1,Sano
good_quality_40.jpg,good_quality,0.99609375,1,Sano,1,Sano
good_quality_1006.jpg,good_quality,0.99609375,1,Sano,1,Sano
good_quality_1100.jpg,good_quality,0.99609375,1,Sano,1,Sano
good_quality_1063.jpg,good_quality,0.99609375,1,Sano,1,Sano
good_quality_164.jpg,good_quality,0.99609375,1,Sano,1,Sano
good_quality_193.jpg,good_quality,0.99609375,1,Sano,1,Sano
good_quality_908.jpg,good_quality,0.99609375,1,Sano,1,Sano
good_quality_104.jpg,good_quality,0.99609375,1,Sano,1,Sano
good_quality_1000.jpg,good_quality,0.99609375,1,Sano,1,Sano
good_quality_287.jpg,good_quality,0.99609375,1,Sano,1,Sano
good_quality_565.jpg,good_quality,0.99609375,1,Sano,1,Sano
good_quality_1084.jpg,good_quality,0.99609375,1,Sano,1,Sano
good_quality_454.jpg,good_quality,0.99609375,1,Sano,1,Sano
good_quality_501.jpg,good_quality,0.99609375,1,Sano,1,Sano
good_quality_10.jpg,good_quality,0.99609375,1,Sano,1,Sano
good_quality_917.jpg,good_quality,0.99609375,1,Sano,1,Sano
good_quality_169.jpg,good_quality,0.99609375,1,Sano,1,Sano
good_quality_608.jpg,good_quality,0.99609375,1,Sano,1,Sano
good_quality_903.jpg,good_quality,0.99609375,1,Sano,1,Sano
good_quality_872.jpg,good_quality,0.99609375,1,Sano,1,Sano
good_quality_837.jpg,good_quality,0.99609375,1,Sano,1,Sano
good_quality_389.jpg,good_quality,0.99609375,1,Sano,1,Sano
good_quality_784.jpg,good_quality,0.99609375,1,Sano,1,Sano
good_quality_1016.jpg,good_quality,0.99609375,1,Sano,1,Sano
good_quality_297.jpg,good_quality,0.99609375,1,Sano,1,Sano
good_quality_446.jpg,good_quality,0.99609375,1,Sano,1,Sano
good_quality_410.jpg,good_quality,0.99609375,1,Sano,1,Sano
good_quality_1010.jpg,good_quality,0.99609375,1,Sano,1,Sano
good_quality_503.jpg,good_quality,0.99609375,1,Sano,1,Sano
good_quality_459.jpg,good_quality,0.99609375,1,Sano,1,Sano
bad_quality_62.jpg,bad_quality,0.0,0,Desecho,0,Desecho
bad_quality_728.jpg,bad_quality,0.39453125,0,Desecho,0,Desecho
bad_quality_840.jpg,bad_quality,0.0,0,Desecho,0,Desecho
bad_quality_736.jpg,bad_quality,0.15234375,0,Desecho,0,Desecho
bad_quality_862.jpg,bad_quality,0.0,0,Desecho,0,Desecho
bad_quality_602.jpg,bad_quality,0.0,0,Desecho,0,Desecho
bad_quality_332.jpg,bad_quality,0.0,0,Desecho,0,Desecho
bad_quality_403.jpg,bad_quality,0.0,0,Desecho,0,Desecho
bad_quality_800.jpg,bad_quality,0.0,0,Desecho,0,Desecho
bad_quality_409.jpg,bad_quality,0.0,0,Desecho,0,Desecho
bad_quality_341.jpg,bad_quality,0.00390625,0,Desecho,0,Desecho
bad_quality_512.jpg,bad_quality,0.0,0,Desecho,0,Desecho
bad_quality_334.jpg,bad_quality,0.01953125,0,Desecho,0,Desecho
bad_quality_692.jpg,bad_quality,0.0,0,Desecho,0,Desecho
bad_quality_286.jpg,bad_quality,0.0,0,Desecho,0,Desecho
bad_quality_211.jpg,bad_quality,0.0,0,Desecho,0,Desecho
bad_quality_882.jpg,bad_quality,0.0,0,Desecho,0,Desecho
bad_quality_689.jpg,bad_quality,0.03125,0,Desecho,0,Desecho
bad_quality_314.jpg,bad_quality,0.0,0,Desecho,0,Desecho
bad_quality_328.jpg,bad_quality,0.0,0,Desecho,0,Desecho
bad_quality_173.jpg,bad_quality,0.0,0,Desecho,0,Desecho
bad_quality_646.jpg,bad_quality,0.0,0,Desecho,0,Desecho
bad_quality_318.jpg,bad_quality,0.0,0,Desecho,0,Desecho
bad_quality_324.jpg,bad_quality,0.0,0,Desecho,0,Desecho
bad_quality_168.jpg,bad_quality,0.0,0,Desecho,0,Desecho
bad_quality_715.jpg,bad_quality,0.0,0,Desecho,0,Desecho
bad_quality_558.jpg,bad_quality,0.01171875,0,Desecho,0,Desecho
bad_quality_424.jpg,bad_quality,0.0,0,Desecho,0,Desecho
bad_quality_198.jpg,bad_quality,0.0,0,Desecho,0,Desecho
bad_quality_395.jpg,bad_quality,0.0,0,Desecho,0,Desecho
bad_quality_603.jpg,bad_quality,0.0,0,Desecho,0,Desecho
bad_quality_502.jpg,bad_quality,0.0,0,Desecho,0,Desecho
bad_quality_197.jpg,bad_quality,0.0,0,Desecho,0,Desecho
bad_quality_893.jpg,bad_quality,0.0,0,Desecho,0,Desecho
bad_quality_433.jpg,bad_quality,0.0,0,Desecho,0,Desecho
bad_quality_911.jpg,bad_quality,0.0,0,Desecho,0,Desecho
bad_quality_782.jpg,bad_quality,0.0,0,Desecho,0,Desecho
bad_quality_111.jpg,bad_quality,0.0,0,Desecho,0,Desecho
bad_quality_220.jpg,bad_quality,0.0,0,Desecho,0,Desecho
bad_quality_172.jpg,bad_quality,0.0,0,Desecho,0,Desecho
bad_quality_226.jpg,bad_quality,0.0,0,Desecho,0,Desecho
bad_quality_279.jpg,bad_quality,0.0,0,Desecho,0,Desecho
bad_quality_842.jpg,bad_quality,0.0,0,Desecho,0,Desecho
bad_quality_269.jpg,bad_quality,0.00390625,0,Desecho,0,Desecho
bad_quality_119.jpg,bad_quality,0.0,0,Desecho,0,Desecho
bad_quality_626.jpg,bad_quality,0.0,0,Desecho,0,Desecho
bad_quality_762.jpg,bad_quality,0.0,0,Desecho,0,Desecho
bad_quality_322.jpg,bad_quality,0.0,0,Desecho,0,Desecho
bad_quality_117.jpg,bad_quality,0.0,0,Desecho,0,Desecho
bad_quality_774.jpg,bad_quality,0.0,0,Desecho,0,Desecho
bad_quality_844.jpg,bad_quality,0.39453125,0,Desecho,0,Desecho
bad_quality_722.jpg,bad_quality,0.00390625,0,Desecho,0,Desecho
bad_quality_85.jpg,bad_quality,0.00390625,0,Desecho,0,Desecho
bad_quality_543.jpg,bad_quality,0.0,0,Desecho,0,Desecho
bad_quality_127.jpg,bad_quality,0.21484375,0,Desecho,0,Desecho
bad_quality_101.jpg,bad_quality,0.0,0,Desecho,0,Desecho
bad_quality_691.jpg,bad_quality,0.0,0,Desecho,0,Desecho
bad_quality_2.jpg,bad_quality,0.01171875,0,Desecho,0,Desecho
bad_quality_824.jpg,bad_quality,0.60546875,1,Sano,0,Desecho
bad_quality_448.jpg,bad_quality,0.0,0,Desecho,0,Desecho
bad_quality_491.jpg,bad_quality,0.0,0,Desecho,0,Desecho
bad_quality_80.jpg,bad_quality,0.0,0,Desecho,0,Desecho
bad_quality_727.jpg,bad_quality,0.0078125,0,Desecho,0,Desecho
bad_quality_809.jpg,bad_quality,0.96875,1,Sano,0,Desecho
bad_quality_29.jpg,bad_quality,0.0078125,0,Desecho,0,Desecho
bad_quality_784.jpg,bad_quality,0.0,0,Desecho,0,Desecho
bad_quality_285.jpg,bad_quality,0.0,0,Desecho,0,Desecho
bad_quality_829.jpg,bad_quality,0.00390625,0,Desecho,0,Desecho
bad_quality_401.jpg,bad_quality,0.046875,0,Desecho,0,Desecho
bad_quality_419.jpg,bad_quality,0.60546875,1,Sano,0,Desecho
bad_quality_152.jpg,bad_quality,0.0,0,Desecho,0,Desecho
bad_quality_331.jpg,bad_quality,0.0,0,Desecho,0,Desecho
bad_quality_60.jpg,bad_quality,0.0,0,Desecho,0,Desecho
bad_quality_570.jpg,bad_quality,0.0,0,Desecho,0,Desecho
bad_quality_391.jpg,bad_quality,0.0,0,Desecho,0,Desecho
bad_quality_126.jpg,bad_quality,0.0,0,Desecho,0,Desecho
bad_quality_295.jpg,bad_quality,0.0,0,Desecho,0,Desecho
bad_quality_667.jpg,bad_quality,0.0,0,Desecho,0,Desecho
bad_quality_327.jpg,bad_quality,0.0,0,Desecho,0,Desecho
bad_quality_159.jpg,bad_quality,0.78515625,1,Sano,0,Desecho
bad_quality_574.jpg,bad_quality,0.0,0,Desecho,0,Desecho
bad_quality_434.jpg,bad_quality,0.0,0,Desecho,0,Desecho
bad_quality_71.jpg,bad_quality,0.0,0,Desecho,0,Desecho
bad_quality_248.jpg,bad_quality,0.0,0,Desecho,0,Desecho
bad_quality_272.jpg,bad_quality,0.0,0,Desecho,0,Desecho
bad_quality_650.jpg,bad_quality,0.046875,0,Desecho,0,Desecho
bad_quality_140.jpg,bad_quality,0.00390625,0,Desecho,0,Desecho
bad_quality_456.jpg,bad_quality,0.0,0,Desecho,0,Desecho
bad_quality_671.jpg,bad_quality,0.0,0,Desecho,0,Desecho
bad_quality_569.jpg,bad_quality,0.0,0,Desecho,0,Desecho
bad_quality_622.jpg,bad_quality,0.0,0,Desecho,0,Desecho
bad_quality_595.jpg,bad_quality,0.00390625,0,Desecho,0,Desecho
bad_quality_108.jpg,bad_quality,0.0703125,0,Desecho,0,Desecho
bad_quality_188.jpg,bad_quality,0.0,0,Desecho,0,Desecho
bad_quality_399.jpg,bad_quality,0.0,0,Desecho,0,Desecho
bad_quality_566.jpg,bad_quality,0.0,0,Desecho,0,Desecho
bad_quality_933.jpg,bad_quality,0.00390625,0,Desecho,0,Desecho
bad_quality_678.jpg,bad_quality,0.0,0,Desecho,0,Desecho
bad_quality_743.jpg,bad_quality,0.0,0,Desecho,0,Desecho
bad_quality_304.jpg,bad_quality,0.0,0,Desecho,0,Desecho
bad_quality_549.jpg,bad_quality,0.0,0,Desecho,0,Desecho
bad_quality_664.jpg,bad_quality,0.0,0,Desecho,0,Desecho
bad_quality_757.jpg,bad_quality,0.0,0,Desecho,0,Desecho
bad_quality_559.jpg,bad_quality,0.03125,0,Desecho,0,Desecho
bad_quality_583.jpg,bad_quality,0.0,0,Desecho,0,Desecho
bad_quality_9.jpg,bad_quality,0.0,0,Desecho,0,Desecho
bad_quality_404.jpg,bad_quality,0.15234375,0,Desecho,0,Desecho
bad_quality_24.jpg,bad_quality,0.0,0,Desecho,0,Desecho
bad_quality_426.jpg,bad_quality,0.0,0,Desecho,0,Desecho
bad_quality_59.jpg,bad_quality,0.0,0,Desecho,0,Desecho
bad_quality_261.jpg,bad_quality,0.00390625,0,Desecho,0,Desecho
bad_quality_350.jpg,bad_quality,0.0,0,Desecho,0,Desecho
bad_quality_123.jpg,bad_quality,0.01953125,0,Desecho,0,Desecho
bad_quality_546.jpg,bad_quality,0.0,0,Desecho,0,Desecho
bad_quality_505.jpg,bad_quality,0.0,0,Desecho,0,Desecho
bad_quality_134.jpg,bad_quality,0.0,0,Desecho,0,Desecho
bad_quality_618.jpg,bad_quality,0.0,0,Desecho,0,Desecho
bad_quality_250.jpg,bad_quality,0.0,0,Desecho,0,Desecho
bad_quality_787.jpg,bad_quality,0.01171875,0,Desecho,0,Desecho
bad_quality_540.jpg,bad_quality,0.0,0,Desecho,0,Desecho
bad_quality_894.jpg,bad_quality,0.0,0,Desecho,0,Desecho
bad_quality_181.jpg,bad_quality,0.01953125,0,Desecho,0,Desecho
bad_quality_597.jpg,bad_quality,0.00390625,0,Desecho,0,Desecho
bad_quality_255.jpg,bad_quality,0.00390625,0,Desecho,0,Desecho
bad_quality_520.jpg,bad_quality,0.0,0,Desecho,0,Desecho
bad_quality_436.jpg,bad_quality,0.0,0,Desecho,0,Desecho
bad_quality_457.jpg,bad_quality,0.0,0,Desecho,0,Desecho
bad_quality_146.jpg,bad_quality,0.0,0,Desecho,0,Desecho
bad_quality_227.jpg,bad_quality,0.0,0,Desecho,0,Desecho
bad_quality_630.jpg,bad_quality,0.0,0,Desecho,0,Desecho
bad_quality_98.jpg,bad_quality,0.00390625,0,Desecho,0,Desecho
bad_quality_330.jpg,bad_quality,0.0,0,Desecho,0,Desecho
bad_quality_592.jpg,bad_quality,0.0,0,Desecho,0,Desecho
bad_quality_41.jpg,bad_quality,0.0,0,Desecho,0,Desecho
bad_quality_78.jpg,bad_quality,0.0,0,Desecho,0,Desecho
bad_quality_342.jpg,bad_quality,0.0,0,Desecho,0,Desecho
bad_quality_366.jpg,bad_quality,0.0,0,Desecho,0,Desecho
bad_quality_910.jpg,bad_quality,0.0,0,Desecho,0,Desecho
bad_quality_701.jpg,bad_quality,0.0,0,Desecho,0,Desecho
bad_quality_242.jpg,bad_quality,0.10546875,0,Desecho,0,Desecho
bad_quality_946.jpg,bad_quality,0.0,0,Desecho,0,Desecho
bad_quality_174.jpg,bad_quality,0.0,0,Desecho,0,Desecho
bad_quality_156.jpg,bad_quality,0.0,0,Desecho,0,Desecho
bad_quality_942.jpg,bad_quality,0.0078125,0,Desecho,0,Desecho
bad_quality_455.jpg,bad_quality,0.0,0,Desecho,0,Desecho
bad_quality_690.jpg,bad_quality,0.0,0,Desecho,0,Desecho
bad_quality_700.jpg,bad_quality,0.00390625,0,Desecho,0,Desecho
bad_quality_769.jpg,bad_quality,0.0,0,Desecho,0,Desecho
bad_quality_730.jpg,bad_quality,0.21484375,0,Desecho,0,Desecho
bad_quality_224.jpg,bad_quality,0.0,0,Desecho,0,Desecho
bad_quality_20.jpg,bad_quality,0.0078125,0,Desecho,0,Desecho
bad_quality_550.jpg,bad_quality,0.0,0,Desecho,0,Desecho
bad_quality_885.jpg,bad_quality,0.0,0,Desecho,0,Desecho
bad_quality_167.jpg,bad_quality,0.0,0,Desecho,0,Desecho
bad_quality_591.jpg,bad_quality,0.0,0,Desecho,0,Desecho
bad_quality_647.jpg,bad_quality,0.0703125,0,Desecho,0,Desecho
bad_quality_142.jpg,bad_quality,0.0,0,Desecho,0,Desecho
bad_quality_35.jpg,bad_quality,0.0,0,Desecho,0,Desecho
bad_quality_872.jpg,bad_quality,0.0,0,Desecho,0,Desecho
bad_quality_187.jpg,bad_quality,0.0,0,Desecho,0,Desecho
bad_quality_641.jpg,bad_quality,0.0,0,Desecho,0,Desecho
bad_quality_680.jpg,bad_quality,0.0,0,Desecho,0,Desecho
bad_quality_5.jpg,bad_quality,0.0,0,Desecho,0,Desecho
bad_quality_114.jpg,bad_quality,0.0,0,Desecho,0,Desecho
bad_quality_311.jpg,bad_quality,0.0,0,Desecho,0,Desecho
bad_quality_375.jpg,bad_quality,0.0,0,Desecho,0,Desecho
bad_quality_670.jpg,bad_quality,0.00390625,0,Desecho,0,Desecho
bad_quality_655.jpg,bad_quality,0.0,0,Desecho,0,Desecho
bad_quality_805.jpg,bad_quality,0.0,0,Desecho,0,Desecho
bad_quality_638.jpg,bad_quality,0.0,0,Desecho,0,Desecho
bad_quality_899.jpg,bad_quality,0.0,0,Desecho,0,Desecho
bad_quality_785.jpg,bad_quality,0.0,0,Desecho,0,Desecho
bad_quality_766.jpg,bad_quality,0.0,0,Desecho,0,Desecho
bad_quality_351.jpg,bad_quality,0.0,0,Desecho,0,Desecho
bad_quality_539.jpg,bad_quality,0.0,0,Desecho,0,Desecho
bad_quality_578.jpg,bad_quality,0.0,0,Desecho,0,Desecho
bad_quality_859.jpg,bad_quality,0.0,0,Desecho,0,Desecho
bad_quality_648.jpg,bad_quality,0.0,0,Desecho,0,Desecho
bad_quality_408.jpg,bad_quality,0.01953125,0,Desecho,0,Desecho
bad_quality_594.jpg,bad_quality,0.0,0,Desecho,0,Desecho
bad_quality_788.jpg,bad_quality,0.0078125,0,Desecho,0,Desecho
bad_quality_744.jpg,bad_quality,0.0,0,Desecho,0,Desecho
bad_quality_867.jpg,bad_quality,0.0,0,Desecho,0,Desecho
bad_quality_639.jpg,bad_quality,0.0,0,Desecho,0,Desecho
bad_quality_511.jpg,bad_quality,0.0,0,Desecho,0,Desecho
bad_quality_308.jpg,bad_quality,0.0,0,Desecho,0,Desecho
bad_quality_682.jpg,bad_quality,0.0,0,Desecho,0,Desecho
bad_quality_852.jpg,bad_quality,0.0,0,Desecho,0,Desecho
bad_quality_739.jpg,bad_quality,0.0,0,Desecho,0,Desecho
bad_quality_508.jpg,bad_quality,0.0,0,Desecho,0,Desecho
bad_quality_306.jpg,bad_quality,0.0,0,Desecho,0,Desecho
bad_quality_561.jpg,bad_quality,0.953125,1,Sano,0,Desecho
bad_quality_161.jpg,bad_quality,0.0,0,Desecho,0,Desecho
bad_quality_416.jpg,bad_quality,0.0,0,Desecho,0,Desecho
bad_quality_13.jpg,bad_quality,0.0,0,Desecho,0,Desecho
bad_quality_589.jpg,bad_quality,0.0,0,Desecho,0,Desecho
bad_quality_175.jpg,bad_quality,0.00390625,0,Desecho,0,Desecho
bad_quality_28.jpg,bad_quality,0.15234375,0,Desecho,0,Desecho
bad_quality_418.jpg,bad_quality,0.00390625,0,Desecho,0,Desecho
bad_quality_407.jpg,bad_quality,0.0,0,Desecho,0,Desecho
bad_quality_208.jpg,bad_quality,0.0,0,Desecho,0,Desecho
bad_quality_315.jpg,bad_quality,0.0,0,Desecho,0,Desecho
bad_quality_205.jpg,bad_quality,0.0,0,Desecho,0,Desecho
bad_quality_290.jpg,bad_quality,0.703125,1,Sano,0,Desecho
bad_quality_52.jpg,bad_quality,0.00390625,0,Desecho,0,Desecho
bad_quality_200.jpg,bad_quality,0.0,0,Desecho,0,Desecho
bad_quality_84.jpg,bad_quality,0.0,0,Desecho,0,Desecho
bad_quality_429.jpg,bad_quality,0.0,0,Desecho,0,Desecho
bad_quality_118.jpg,bad_quality,0.0,0,Desecho,0,Desecho
bad_quality_665.jpg,bad_quality,0.0,0,Desecho,0,Desecho
bad_quality_155.jpg,bad_quality,0.046875,0,Desecho,0,Desecho
bad_quality_548.jpg,bad_quality,0.0,0,Desecho,0,Desecho
bad_quality_901.jpg,bad_quality,0.0,0,Desecho,0,Desecho
bad_quality_547.jpg,bad_quality,0.0,0,Desecho,0,Desecho
bad_quality_6.jpg,bad_quality,0.0,0,Desecho,0,Desecho
bad_quality_864.jpg,bad_quality,0.00390625,0,Desecho,0,Desecho
bad_quality_243.jpg,bad_quality,0.0703125,0,Desecho,0,Desecho
bad_quality_149.jpg,bad_quality,0.0,0,Desecho,0,Desecho
bad_quality_907.jpg,bad_quality,0.03125,0,Desecho,0,Desecho
bad_quality_742.jpg,bad_quality,0.0,0,Desecho,0,Desecho
bad_quality_171.jpg,bad_quality,0.0,0,Desecho,0,Desecho
bad_quality_831.jpg,bad_quality,0.0703125,0,Desecho,0,Desecho
bad_quality_860.jpg,bad_quality,0.0,0,Desecho,0,Desecho
bad_quality_116.jpg,bad_quality,0.0,0,Desecho,0,Desecho
bad_quality_740.jpg,bad_quality,0.0,0,Desecho,0,Desecho
bad_quality_836.jpg,bad_quality,0.10546875,0,Desecho,0,Desecho
bad_quality_398.jpg,bad_quality,0.39453125,0,Desecho,0,Desecho
bad_quality_799.jpg,bad_quality,0.00390625,0,Desecho,0,Desecho
bad_quality_360.jpg,bad_quality,0.0,0,Desecho,0,Desecho
bad_quality_530.jpg,bad_quality,0.0,0,Desecho,0,Desecho
bad_quality_19.jpg,bad_quality,0.03125,0,Desecho,0,Desecho
bad_quality_460.jpg,bad_quality,0.01171875,0,Desecho,0,Desecho
bad_quality_12.jpg,bad_quality,0.0,0,Desecho,0,Desecho
bad_quality_783.jpg,bad_quality,0.00390625,0,Desecho,0,Desecho
bad_quality_421.jpg,bad_quality,0.0,0,Desecho,0,Desecho
bad_quality_275.jpg,bad_quality,0.0,0,Desecho,0,Desecho
bad_quality_267.jpg,bad_quality,0.0,0,Desecho,0,Desecho
bad_quality_25.jpg,bad_quality,0.0,0,Desecho,0,Desecho
bad_quality_138.jpg,bad_quality,0.0,0,Desecho,0,Desecho
bad_quality_814.jpg,bad_quality,0.703125,1,Sano,0,Desecho
bad_quality_679.jpg,bad_quality,0.0,0,Desecho,0,Desecho
bad_quality_369.jpg,bad_quality,0.0,0,Desecho,0,Desecho
bad_quality_503.jpg,bad_quality,0.0,0,Desecho,0,Desecho
bad_quality_488.jpg,bad_quality,0.00390625,0,Desecho,0,Desecho
bad_quality_68.jpg,bad_quality,0.0,0,Desecho,0,Desecho
bad_quality_459.jpg,bad_quality,0.0,0,Desecho,0,Desecho
bad_quality_453.jpg,bad_quality,0.03125,0,Desecho,0,Desecho
bad_quality_439.jpg,bad_quality,0.00390625,0,Desecho,0,Desecho
bad_quality_735.jpg,bad_quality,0.00390625,0,Desecho,0,Desecho
bad_quality_950.jpg,bad_quality,0.0,0,Desecho,0,Desecho
bad_quality_613.jpg,bad_quality,0.0,0,Desecho,0,Desecho
bad_quality_323.jpg,bad_quality,0.0,0,Desecho,0,Desecho
bad_quality_666.jpg,bad_quality,0.0,0,Desecho,0,Desecho
bad_quality_568.jpg,bad_quality,0.0,0,Desecho,0,Desecho
bad_quality_777.jpg,bad_quality,0.0,0,Desecho,0,Desecho
bad_quality_283.jpg,bad_quality,0.0,0,Desecho,0,Desecho
bad_quality_779.jpg,bad_quality,0.39453125,0,Desecho,0,Desecho
bad_quality_652.jpg,bad_quality,0.0,0,Desecho,0,Desecho
bad_quality_329.jpg,bad_quality,0.0,0,Desecho,0,Desecho
bad_quality_919.jpg,bad_quality,0.00390625,0,Desecho,0,Desecho
bad_quality_58.jpg,bad_quality,0.0,0,Desecho,0,Desecho
bad_quality_866.jpg,bad_quality,0.0,0,Desecho,0,Desecho
bad_quality_879.jpg,bad_quality,0.0,0,Desecho,0,Desecho
bad_quality_65.jpg,bad_quality,0.0,0,Desecho,0,Desecho
bad_quality_236.jpg,bad_quality,0.296875,0,Desecho,0,Desecho
bad_quality_498.jpg,bad_quality,0.0,0,Desecho,0,Desecho
bad_quality_67.jpg,bad_quality,0.0,0,Desecho,0,Desecho
bad_quality_10.jpg,bad_quality,0.0,0,Desecho,0,Desecho
bad_quality_632.jpg,bad_quality,0.00390625,0,Desecho,0,Desecho
bad_quality_339.jpg,bad_quality,0.0,0,Desecho,0,Desecho
bad_quality_222.jpg,bad_quality,0.0,0,Desecho,0,Desecho
bad_quality_577.jpg,bad_quality,0.0,0,Desecho,0,Desecho
bad_quality_193.jpg,bad_quality,0.0,0,Desecho,0,Desecho
bad_quality_801.jpg,bad_quality,0.0078125,0,Desecho,0,Desecho
bad_quality_772.jpg,bad_quality,0.0,0,Desecho,0,Desecho
bad_quality_711.jpg,bad_quality,0.0,0,Desecho,0,Desecho
bad_quality_931.jpg,bad_quality,0.00390625,0,Desecho,0,Desecho
bad_quality_164.jpg,bad_quality,0.0,0,Desecho,0,Desecho
bad_quality_373.jpg,bad_quality,0.0,0,Desecho,0,Desecho
bad_quality_507.jpg,bad_quality,0.0,0,Desecho,0,Desecho
bad_quality_309.jpg,bad_quality,0.0,0,Desecho,0,Desecho
bad_quality_737.jpg,bad_quality,0.15234375,0,Desecho,0,Desecho
bad_quality_496.jpg,bad_quality,0.15234375,0,Desecho,0,Desecho
bad_quality_525.jpg,bad_quality,0.00390625,0,Desecho,0,Desecho
bad_quality_776.jpg,bad_quality,0.89453125,1,Sano,0,Desecho
bad_quality_949.jpg,bad_quality,0.0,0,Desecho,0,Desecho
bad_quality_81.jpg,bad_quality,0.0,0,Desecho,0,Desecho
bad_quality_939.jpg,bad_quality,0.0,0,Desecho,0,Desecho
bad_quality_260.jpg,bad_quality,0.0,0,Desecho,0,Desecho
bad_quality_452.jpg,bad_quality,0.0,0,Desecho,0,Desecho
bad_quality_26.jpg,bad_quality,0.0,0,Desecho,0,Desecho
bad_quality_694.jpg,bad_quality,0.0,0,Desecho,0,Desecho
bad_quality_210.jpg,bad_quality,0.0,0,Desecho,0,Desecho
bad_quality_165.jpg,bad_quality,0.0,0,Desecho,0,Desecho
bad_quality_207.jpg,bad_quality,0.0,0,Desecho,0,Desecho
bad_quality_394.jpg,bad_quality,0.0,0,Desecho,0,Desecho
bad_quality_228.jpg,bad_quality,0.0,0,Desecho,0,Desecho
bad_quality_531.jpg,bad_quality,0.0,0,Desecho,0,Desecho
bad_quality_458.jpg,bad_quality,0.0,0,Desecho,0,Desecho
bad_quality_190.jpg,bad_quality,0.0,0,Desecho,0,Desecho
bad_quality_645.jpg,bad_quality,0.0,0,Desecho,0,Desecho
bad_quality_443.jpg,bad_quality,0.00390625,0,Desecho,0,Desecho
bad_quality_876.jpg,bad_quality,0.0,0,Desecho,0,Desecho
bad_quality_500.jpg,bad_quality,0.0,0,Desecho,0,Desecho
bad_quality_494.jpg,bad_quality,0.0,0,Desecho,0,Desecho
bad_quality_703.jpg,bad_quality,0.0,0,Desecho,0,Desecho
bad_quality_668.jpg,bad_quality,0.0,0,Desecho,0,Desecho
bad_quality_875.jpg,bad_quality,0.0,0,Desecho,0,Desecho
bad_quality_816.jpg,bad_quality,0.01171875,0,Desecho,0,Desecho
bad_quality_365.jpg,bad_quality,0.0,0,Desecho,0,Desecho
bad_quality_475.jpg,bad_quality,0.0,0,Desecho,0,Desecho
bad_quality_616.jpg,bad_quality,0.0,0,Desecho,0,Desecho
bad_quality_828.jpg,bad_quality,0.046875,0,Desecho,0,Desecho
bad_quality_467.jpg,bad_quality,0.39453125,0,Desecho,0,Desecho
bad_quality_412.jpg,bad_quality,0.0,0,Desecho,0,Desecho
bad_quality_870.jpg,bad_quality,0.0,0,Desecho,0,Desecho
bad_quality_633.jpg,bad_quality,0.01953125,0,Desecho,0,Desecho
bad_quality_1.jpg,bad_quality,0.01171875,0,Desecho,0,Desecho
bad_quality_807.jpg,bad_quality,0.0,0,Desecho,0,Desecho
bad_quality_789.jpg,bad_quality,0.0,0,Desecho,0,Desecho
bad_quality_23.jpg,bad_quality,0.0,0,Desecho,0,Desecho
bad_quality_169.jpg,bad_quality,0.0,0,Desecho,0,Desecho
bad_quality_878.jpg,bad_quality,0.0,0,Desecho,0,Desecho
bad_quality_276.jpg,bad_quality,0.0,0,Desecho,0,Desecho
bad_quality_571.jpg,bad_quality,0.0,0,Desecho,0,Desecho
bad_quality_705.jpg,bad_quality,0.0,0,Desecho,0,Desecho
bad_quality_76.jpg,bad_quality,0.0,0,Desecho,0,Desecho
bad_quality_371.jpg,bad_quality,0.0,0,Desecho,0,Desecho
bad_quality_251.jpg,bad_quality,0.0,0,Desecho,0,Desecho
bad_quality_143.jpg,bad_quality,0.00390625,0,Desecho,0,Desecho
bad_quality_241.jpg,bad_quality,0.0,0,Desecho,0,Desecho
bad_quality_752.jpg,bad_quality,0.00390625,0,Desecho,0,Desecho
bad_quality_906.jpg,bad_quality,0.0,0,Desecho,0,Desecho
bad_quality_27.jpg,bad_quality,0.03125,0,Desecho,0,Desecho
bad_quality_841.jpg,bad_quality,0.15234375,0,Desecho,0,Desecho
bad_quality_923.jpg,bad_quality,0.0,0,Desecho,0,Desecho
bad_quality_46.jpg,bad_quality,0.0,0,Desecho,0,Desecho
bad_quality_750.jpg,bad_quality,0.953125,1,Sano,0,Desecho
bad_quality_708.jpg,bad_quality,0.0,0,Desecho,0,Desecho
bad_quality_15.jpg,bad_quality,0.10546875,0,Desecho,0,Desecho
bad_quality_499.jpg,bad_quality,0.0,0,Desecho,0,Desecho
bad_quality_69.jpg,bad_quality,0.0,0,Desecho,0,Desecho
bad_quality_233.jpg,bad_quality,0.0,0,Desecho,0,Desecho
bad_quality_79.jpg,bad_quality,0.0,0,Desecho,0,Desecho
bad_quality_483.jpg,bad_quality,0.00390625,0,Desecho,0,Desecho
bad_quality_588.jpg,bad_quality,0.0,0,Desecho,0,Desecho
bad_quality_541.jpg,bad_quality,0.0,0,Desecho,0,Desecho
bad_quality_596.jpg,bad_quality,0.0,0,Desecho,0,Desecho
bad_quality_472.jpg,bad_quality,0.0,0,Desecho,0,Desecho
bad_quality_160.jpg,bad_quality,0.0,0,Desecho,0,Desecho
bad_quality_367.jpg,bad_quality,0.0,0,Desecho,0,Desecho
bad_quality_292.jpg,bad_quality,0.0,0,Desecho,0,Desecho
bad_quality_447.jpg,bad_quality,0.046875,0,Desecho,0,Desecho
bad_quality_294.jpg,bad_quality,0.0,0,Desecho,0,Desecho
bad_quality_257.jpg,bad_quality,0.0703125,0,Desecho,0,Desecho
bad_quality_932.jpg,bad_quality,0.0,0,Desecho,0,Desecho
bad_quality_252.jpg,bad_quality,0.0,0,Desecho,0,Desecho
bad_quality_124.jpg,bad_quality,0.0,0,Desecho,0,Desecho
bad_quality_374.jpg,bad_quality,0.0,0,Desecho,0,Desecho
bad_quality_771.jpg,bad_quality,0.0,0,Desecho,0,Desecho
bad_quality_346.jpg,bad_quality,0.0,0,Desecho,0,Desecho
bad_quality_621.jpg,bad_quality,0.00390625,0,Desecho,0,Desecho
bad_quality_264.jpg,bad_quality,0.0,0,Desecho,0,Desecho
bad_quality_316.jpg,bad_quality,0.0,0,Desecho,0,Desecho
bad_quality_470.jpg,bad_quality,0.0,0,Desecho,0,Desecho
bad_quality_619.jpg,bad_quality,0.0,0,Desecho,0,Desecho
bad_quality_837.jpg,bad_quality,0.89453125,1,Sano,0,Desecho
bad_quality_827.jpg,bad_quality,0.953125,1,Sano,0,Desecho
bad_quality_362.jpg,bad_quality,0.00390625,0,Desecho,0,Desecho
bad_quality_934.jpg,bad_quality,0.01953125,0,Desecho,0,Desecho
bad_quality_820.jpg,bad_quality,0.03125,0,Desecho,0,Desecho
bad_quality_141.jpg,bad_quality,0.00390625,0,Desecho,0,Desecho
bad_quality_697.jpg,bad_quality,0.0,0,Desecho,0,Desecho
bad_quality_609.jpg,bad_quality,0.60546875,1,Sano,0,Desecho
bad_quality_204.jpg,bad_quality,0.0,0,Desecho,0,Desecho
bad_quality_513.jpg,bad_quality,0.0,0,Desecho,0,Desecho
bad_quality_555.jpg,bad_quality,0.0,0,Desecho,0,Desecho
bad_quality_713.jpg,bad_quality,0.0,0,Desecho,0,Desecho
bad_quality_115.jpg,bad_quality,0.0,0,Desecho,0,Desecho
bad_quality_359.jpg,bad_quality,0.0,0,Desecho,0,Desecho
bad_quality_364.jpg,bad_quality,0.10546875,0,Desecho,0,Desecho
bad_quality_810.jpg,bad_quality,0.0,0,Desecho,0,Desecho
bad_quality_379.jpg,bad_quality,0.0,0,Desecho,0,Desecho
bad_quality_450.jpg,bad_quality,0.0078125,0,Desecho,0,Desecho
bad_quality_634.jpg,bad_quality,0.0,0,Desecho,0,Desecho
bad_quality_748.jpg,bad_quality,0.99609375,1,Sano,0,Desecho
bad_quality_336.jpg,bad_quality,0.0,0,Desecho,0,Desecho
bad_quality_746.jpg,bad_quality,0.0,0,Desecho,0,Desecho
bad_quality_94.jpg,bad_quality,0.0,0,Desecho,0,Desecho
bad_quality_756.jpg,bad_quality,0.0,0,Desecho,0,Desecho
bad_quality_446.jpg,bad_quality,0.0078125,0,Desecho,0,Desecho
bad_quality_745.jpg,bad_quality,0.0,0,Desecho,0,Desecho
bad_quality_912.jpg,bad_quality,0.00390625,0,Desecho,0,Desecho
bad_quality_517.jpg,bad_quality,0.0703125,0,Desecho,0,Desecho
bad_quality_487.jpg,bad_quality,0.01171875,0,Desecho,0,Desecho
bad_quality_288.jpg,bad_quality,0.296875,0,Desecho,0,Desecho
bad_quality_773.jpg,bad_quality,0.0,0,Desecho,0,Desecho
bad_quality_122.jpg,bad_quality,0.60546875,1,Sano,0,Desecho
bad_quality_557.jpg,bad_quality,0.0,0,Desecho,0,Desecho
bad_quality_909.jpg,bad_quality,0.0,0,Desecho,0,Desecho
bad_quality_851.jpg,bad_quality,0.0,0,Desecho,0,Desecho
bad_quality_201.jpg,bad_quality,0.0,0,Desecho,0,Desecho
bad_quality_21.jpg,bad_quality,0.0,0,Desecho,0,Desecho
bad_quality_653.jpg,bad_quality,0.0,0,Desecho,0,Desecho
bad_quality_579.jpg,bad_quality,0.0,0,Desecho,0,Desecho
bad_quality_659.jpg,bad_quality,0.0,0,Desecho,0,Desecho
bad_quality_355.jpg,bad_quality,0.0,0,Desecho,0,Desecho
bad_quality_474.jpg,bad_quality,0.0,0,Desecho,0,Desecho
bad_quality_449.jpg,bad_quality,0.0,0,Desecho,0,Desecho
bad_quality_442.jpg,bad_quality,0.703125,1,Sano,0,Desecho
bad_quality_564.jpg,bad_quality,0.0,0,Desecho,0,Desecho
bad_quality_533.jpg,bad_quality,0.0,0,Desecho,0,Desecho
bad_quality_249.jpg,bad_quality,0.0,0,Desecho,0,Desecho
bad_quality_898.jpg,bad_quality,0.0703125,0,Desecho,0,Desecho
bad_quality_56.jpg,bad_quality,0.0,0,Desecho,0,Desecho
bad_quality_432.jpg,bad_quality,0.0,0,Desecho,0,Desecho
bad_quality_158.jpg,bad_quality,0.0078125,0,Desecho,0,Desecho
bad_quality_696.jpg,bad_quality,0.0,0,Desecho,0,Desecho
bad_quality_381.jpg,bad_quality,0.0,0,Desecho,0,Desecho
bad_quality_230.jpg,bad_quality,0.0,0,Desecho,0,Desecho
bad_quality_519.jpg,bad_quality,0.0,0,Desecho,0,Desecho
bad_quality_506.jpg,bad_quality,0.0,0,Desecho,0,Desecho
bad_quality_61.jpg,bad_quality,0.0,0,Desecho,0,Desecho
bad_quality_606.jpg,bad_quality,0.10546875,0,Desecho,0,Desecho
bad_quality_194.jpg,bad_quality,0.0,0,Desecho,0,Desecho
bad_quality_256.jpg,bad_quality,0.15234375,0,Desecho,0,Desecho
bad_quality_176.jpg,bad_quality,0.0,0,Desecho,0,Desecho
bad_quality_178.jpg,bad_quality,0.0,0,Desecho,0,Desecho
bad_quality_258.jpg,bad_quality,0.0,0,Desecho,0,Desecho
bad_quality_287.jpg,bad_quality,0.0,0,Desecho,0,Desecho
bad_quality_63.jpg,bad_quality,0.00390625,0,Desecho,0,Desecho
bad_quality_850.jpg,bad_quality,0.0,0,Desecho,0,Desecho
bad_quality_405.jpg,bad_quality,0.00390625,0,Desecho,0,Desecho
bad_quality_698.jpg,bad_quality,0.0,0,Desecho,0,Desecho
bad_quality_947.jpg,bad_quality,0.0,0,Desecho,0,Desecho
bad_quality_410.jpg,bad_quality,0.00390625,0,Desecho,0,Desecho
bad_quality_823.jpg,bad_quality,0.21484375,0,Desecho,0,Desecho
bad_quality_153.jpg,bad_quality,0.0,0,Desecho,0,Desecho
bad_quality_523.jpg,bad_quality,0.00390625,0,Desecho,0,Desecho
bad_quality_468.jpg,bad_quality,0.0,0,Desecho,0,Desecho
bad_quality_617.jpg,bad_quality,0.0,0,Desecho,0,Desecho
bad_quality_551.jpg,bad_quality,0.0,0,Desecho,0,Desecho
bad_quality_312.jpg,bad_quality,0.0,0,Desecho,0,Desecho
bad_quality_921.jpg,bad_quality,0.21484375,0,Desecho,0,Desecho
bad_quality_184.jpg,bad_quality,0.0,0,Desecho,0,Desecho
bad_quality_437.jpg,bad_quality,0.0,0,Desecho,0,Desecho
bad_quality_48.jpg,bad_quality,0.0,0,Desecho,0,Desecho
bad_quality_794.jpg,bad_quality,0.0,0,Desecho,0,Desecho
bad_quality_45.jpg,bad_quality,0.5,1,Sano,0,Desecho
bad_quality_368.jpg,bad_quality,0.0,0,Desecho,0,Desecho
bad_quality_528.jpg,bad_quality,0.0,0,Desecho,0,Desecho
bad_quality_657.jpg,bad_quality,0.0,0,Desecho,0,Desecho
bad_quality_55.jpg,bad_quality,0.0078125,0,Desecho,0,Desecho
bad_quality_278.jpg,bad_quality,0.0,0,Desecho,0,Desecho
bad_quality_113.jpg,bad_quality,0.0,0,Desecho,0,Desecho
bad_quality_903.jpg,bad_quality,0.0,0,Desecho,0,Desecho
bad_quality_524.jpg,bad_quality,0.00390625,0,Desecho,0,Desecho
bad_quality_863.jpg,bad_quality,0.0,0,Desecho,0,Desecho
bad_quality_887.jpg,bad_quality,0.0,0,Desecho,0,Desecho
bad_quality_576.jpg,bad_quality,0.0,0,Desecho,0,Desecho
bad_quality_817.jpg,bad_quality,0.0,0,Desecho,0,Desecho
bad_quality_522.jpg,bad_quality,0.0,0,Desecho,0,Desecho
bad_quality_897.jpg,bad_quality,0.0078125,0,Desecho,0,Desecho
bad_quality_36.jpg,bad_quality,0.00390625,0,Desecho,0,Desecho
bad_quality_343.jpg,bad_quality,0.00390625,0,Desecho,0,Desecho
bad_quality_307.jpg,bad_quality,0.0,0,Desecho,0,Desecho
bad_quality_463.jpg,bad_quality,0.0,0,Desecho,0,Desecho
bad_quality_223.jpg,bad_quality,0.0,0,Desecho,0,Desecho
bad_quality_644.jpg,bad_quality,0.296875,0,Desecho,0,Desecho
bad_quality_485.jpg,bad_quality,0.0,0,Desecho,0,Desecho
bad_quality_599.jpg,bad_quality,0.0,0,Desecho,0,Desecho
bad_quality_861.jpg,bad_quality,0.0,0,Desecho,0,Desecho
bad_quality_731.jpg,bad_quality,0.0,0,Desecho,0,Desecho
bad_quality_271.jpg,bad_quality,0.0,0,Desecho,0,Desecho
bad_quality_855.jpg,bad_quality,0.0,0,Desecho,0,Desecho
bad_quality_106.jpg,bad_quality,0.0,0,Desecho,0,Desecho
bad_quality_451.jpg,bad_quality,0.0,0,Desecho,0,Desecho
bad_quality_74.jpg,bad_quality,0.0,0,Desecho,0,Desecho
bad_quality_586.jpg,bad_quality,0.0,0,Desecho,0,Desecho
bad_quality_476.jpg,bad_quality,0.0,0,Desecho,0,Desecho
bad_quality_18.jpg,bad_quality,0.0,0,Desecho,0,Desecho
bad_quality_390.jpg,bad_quality,0.0,0,Desecho,0,Desecho
bad_quality_681.jpg,bad_quality,0.0,0,Desecho,0,Desecho
bad_quality_567.jpg,bad_quality,0.0703125,0,Desecho,0,Desecho
bad_quality_179.jpg,bad_quality,0.01953125,0,Desecho,0,Desecho
bad_quality_363.jpg,bad_quality,0.00390625,0,Desecho,0,Desecho
bad_quality_918.jpg,bad_quality,0.00390625,0,Desecho,0,Desecho
bad_quality_72.jpg,bad_quality,0.0,0,Desecho,0,Desecho
bad_quality_676.jpg,bad_quality,0.0,0,Desecho,0,Desecho
bad_quality_148.jpg,bad_quality,0.0,0,Desecho,0,Desecho
bad_quality_874.jpg,bad_quality,0.0,0,Desecho,0,Desecho
bad_quality_886.jpg,bad_quality,0.0,0,Desecho,0,Desecho
bad_quality_565.jpg,bad_quality,0.0,0,Desecho,0,Desecho
bad_quality_521.jpg,bad_quality,0.0,0,Desecho,0,Desecho
bad_quality_869.jpg,bad_quality,0.0,0,Desecho,0,Desecho
bad_quality_53.jpg,bad_quality,0.0,0,Desecho,0,Desecho
bad_quality_471.jpg,bad_quality,0.0,0,Desecho,0,Desecho
bad_quality_615.jpg,bad_quality,0.0,0,Desecho,0,Desecho
bad_quality_273.jpg,bad_quality,0.0,0,Desecho,0,Desecho
bad_quality_660.jpg,bad_quality,0.0,0,Desecho,0,Desecho
bad_quality_927.jpg,bad_quality,0.98046875,1,Sano,0,Desecho
bad_quality_105.jpg,bad_quality,0.0,0,Desecho,0,Desecho
bad_quality_925.jpg,bad_quality,0.703125,1,Sano,0,Desecho
bad_quality_724.jpg,bad_quality,0.0,0,Desecho,0,Desecho
bad_quality_77.jpg,bad_quality,0.0,0,Desecho,0,Desecho
bad_quality_685.jpg,bad_quality,0.0,0,Desecho,0,Desecho
bad_quality_815.jpg,bad_quality,0.0,0,Desecho,0,Desecho
bad_quality_607.jpg,bad_quality,0.00390625,0,Desecho,0,Desecho
bad_quality_880.jpg,bad_quality,0.0,0,Desecho,0,Desecho
bad_quality_695.jpg,bad_quality,0.0,0,Desecho,0,Desecho
bad_quality_761.jpg,bad_quality,0.0,0,Desecho,0,Desecho
bad_quality_877.jpg,bad_quality,0.0,0,Desecho,0,Desecho
bad_quality_733.jpg,bad_quality,0.00390625,0,Desecho,0,Desecho
bad_quality_284.jpg,bad_quality,0.0,0,Desecho,0,Desecho
bad_quality_427.jpg,bad_quality,0.0,0,Desecho,0,Desecho
bad_quality_112.jpg,bad_quality,0.0,0,Desecho,0,Desecho
bad_quality_941.jpg,bad_quality,0.0,0,Desecho,0,Desecho
bad_quality_186.jpg,bad_quality,0.0,0,Desecho,0,Desecho
bad_quality_683.jpg,bad_quality,0.0,0,Desecho,0,Desecho
bad_quality_813.jpg,bad_quality,0.96875,1,Sano,0,Desecho
bad_quality_34.jpg,bad_quality,0.00390625,0,Desecho,0,Desecho
bad_quality_563.jpg,bad_quality,0.5,1,Sano,0,Desecho
bad_quality_707.jpg,bad_quality,0.00390625,0,Desecho,0,Desecho
bad_quality_333.jpg,bad_quality,0.0,0,Desecho,0,Desecho
bad_quality_891.jpg,bad_quality,0.0,0,Desecho,0,Desecho
bad_quality_556.jpg,bad_quality,0.03125,0,Desecho,0,Desecho
bad_quality_305.jpg,bad_quality,0.0,0,Desecho,0,Desecho
bad_quality_542.jpg,bad_quality,0.0,0,Desecho,0,Desecho
bad_quality_202.jpg,bad_quality,0.00390625,0,Desecho,0,Desecho
bad_quality_526.jpg,bad_quality,0.0,0,Desecho,0,Desecho
bad_quality_747.jpg,bad_quality,0.0703125,0,Desecho,0,Desecho
bad_quality_349.jpg,bad_quality,0.0,0,Desecho,0,Desecho
bad_quality_637.jpg,bad_quality,0.0,0,Desecho,0,Desecho
bad_quality_818.jpg,bad_quality,0.0,0,Desecho,0,Desecho
bad_quality_764.jpg,bad_quality,0.60546875,1,Sano,0,Desecho
bad_quality_240.jpg,bad_quality,0.0,0,Desecho,0,Desecho
bad_quality_819.jpg,bad_quality,0.00390625,0,Desecho,0,Desecho
bad_quality_280.jpg,bad_quality,0.0,0,Desecho,0,Desecho
bad_quality_93.jpg,bad_quality,0.03125,0,Desecho,0,Desecho
bad_quality_896.jpg,bad_quality,0.0078125,0,Desecho,0,Desecho
bad_quality_677.jpg,bad_quality,0.0,0,Desecho,0,Desecho
bad_quality_203.jpg,bad_quality,0.0,0,Desecho,0,Desecho
bad_quality_892.jpg,bad_quality,0.0,0,Desecho,0,Desecho
bad_quality_658.jpg,bad_quality,0.0,0,Desecho,0,Desecho
bad_quality_110.jpg,bad_quality,0.0,0,Desecho,0,Desecho
bad_quality_915.jpg,bad_quality,0.15234375,0,Desecho,0,Desecho
bad_quality_846.jpg,bad_quality,0.0,0,Desecho,0,Desecho
bad_quality_268.jpg,bad_quality,0.0,0,Desecho,0,Desecho
bad_quality_940.jpg,bad_quality,0.0,0,Desecho,0,Desecho
bad_quality_44.jpg,bad_quality,0.0,0,Desecho,0,Desecho
bad_quality_238.jpg,bad_quality,0.296875,0,Desecho,0,Desecho
bad_quality_796.jpg,bad_quality,0.0,0,Desecho,0,Desecho
bad_quality_237.jpg,bad_quality,0.00390625,0,Desecho,0,Desecho
bad_quality_552.jpg,bad_quality,0.0,0,Desecho,0,Desecho
bad_quality_873.jpg,bad_quality,0.0,0,Desecho,0,Desecho
bad_quality_16.jpg,bad_quality,0.0,0,Desecho,0,Desecho
bad_quality_734.jpg,bad_quality,0.296875,0,Desecho,0,Desecho
bad_quality_310.jpg,bad_quality,0.0,0,Desecho,0,Desecho
bad_quality_890.jpg,bad_quality,0.0,0,Desecho,0,Desecho
bad_quality_585.jpg,bad_quality,0.0,0,Desecho,0,Desecho
bad_quality_913.jpg,bad_quality,0.0,0,Desecho,0,Desecho
bad_quality_481.jpg,bad_quality,0.0,0,Desecho,0,Desecho
bad_quality_265.jpg,bad_quality,0.00390625,0,Desecho,0,Desecho
bad_quality_560.jpg,bad_quality,0.0703125,0,Desecho,0,Desecho
bad_quality_120.jpg,bad_quality,0.0,0,Desecho,0,Desecho
bad_quality_420.jpg,bad_quality,0.03125,0,Desecho,0,Desecho
bad_quality_935.jpg,bad_quality,0.0,0,Desecho,0,Desecho
bad_quality_299.jpg,bad_quality,0.0,0,Desecho,0,Desecho
bad_quality_31.jpg,bad_quality,0.0,0,Desecho,0,Desecho
bad_quality_386.jpg,bad_quality,0.0,0,Desecho,0,Desecho
bad_quality_183.jpg,bad_quality,0.0,0,Desecho,0,Desecho
bad_quality_803.jpg,bad_quality,0.0,0,Desecho,0,Desecho
bad_quality_847.jpg,bad_quality,0.0,0,Desecho,0,Desecho
bad_quality_247.jpg,bad_quality,0.0,0,Desecho,0,Desecho
bad_quality_888.jpg,bad_quality,0.0,0,Desecho,0,Desecho
bad_quality_47.jpg,bad_quality,0.0,0,Desecho,0,Desecho
bad_quality_738.jpg,bad_quality,0.78515625,1,Sano,0,Desecho
bad_quality_575.jpg,bad_quality,0.0,0,Desecho,0,Desecho
bad_quality_838.jpg,bad_quality,0.0,0,Desecho,0,Desecho
bad_quality_376.jpg,bad_quality,0.0,0,Desecho,0,Desecho
bad_quality_132.jpg,bad_quality,0.0,0,Desecho,0,Desecho
bad_quality_431.jpg,bad_quality,0.0,0,Desecho,0,Desecho
bad_quality_504.jpg,bad_quality,0.0,0,Desecho,0,Desecho
bad_quality_66.jpg,bad_quality,0.0,0,Desecho,0,Desecho
bad_quality_938.jpg,bad_quality,0.0,0,Desecho,0,Desecho
bad_quality_218.jpg,bad_quality,0.0,0,Desecho,0,Desecho
bad_quality_340.jpg,bad_quality,0.0,0,Desecho,0,Desecho
bad_quality_444.jpg,bad_quality,0.0,0,Desecho,0,Desecho
bad_quality_263.jpg,bad_quality,0.0,0,Desecho,0,Desecho
bad_quality_217.jpg,bad_quality,0.0,0,Desecho,0,Desecho
bad_quality_428.jpg,bad_quality,0.0,0,Desecho,0,Desecho
bad_quality_189.jpg,bad_quality,0.0,0,Desecho,0,Desecho
bad_quality_337.jpg,bad_quality,0.01953125,0,Desecho,0,Desecho
bad_quality_753.jpg,bad_quality,0.296875,0,Desecho,0,Desecho
bad_quality_344.jpg,bad_quality,0.0,0,Desecho,0,Desecho
bad_quality_881.jpg,bad_quality,0.0,0,Desecho,0,Desecho
bad_quality_466.jpg,bad_quality,0.0,0,Desecho,0,Desecho
bad_quality_536.jpg,bad_quality,0.0,0,Desecho,0,Desecho
bad_quality_856.jpg,bad_quality,0.0,0,Desecho,0,Desecho
bad_quality_686.jpg,bad_quality,0.0,0,Desecho,0,Desecho
bad_quality_604.jpg,bad_quality,0.0,0,Desecho,0,Desecho
bad_quality_825.jpg,bad_quality,0.296875,0,Desecho,0,Desecho
bad_quality_465.jpg,bad_quality,0.0,0,Desecho,0,Desecho
bad_quality_684.jpg,bad_quality,0.0,0,Desecho,0,Desecho
bad_quality_674.jpg,bad_quality,0.00390625,0,Desecho,0,Desecho
bad_quality_848.jpg,bad_quality,0.0,0,Desecho,0,Desecho
bad_quality_400.jpg,bad_quality,0.0,0,Desecho,0,Desecho
bad_quality_320.jpg,bad_quality,0.0,0,Desecho,0,Desecho
bad_quality_854.jpg,bad_quality,0.0,0,Desecho,0,Desecho
bad_quality_582.jpg,bad_quality,0.0,0,Desecho,0,Desecho
bad_quality_415.jpg,bad_quality,0.01171875,0,Desecho,0,Desecho
bad_quality_716.jpg,bad_quality,0.0,0,Desecho,0,Desecho
bad_quality_937.jpg,bad_quality,0.0,0,Desecho,0,Desecho
bad_quality_693.jpg,bad_quality,0.0,0,Desecho,0,Desecho
bad_quality_32.jpg,bad_quality,0.0,0,Desecho,0,Desecho
bad_quality_635.jpg,bad_quality,0.00390625,0,Desecho,0,Desecho
bad_quality_532.jpg,bad_quality,0.0,0,Desecho,0,Desecho
bad_quality_317.jpg,bad_quality,0.0,0,Desecho,0,Desecho
bad_quality_235.jpg,bad_quality,0.0078125,0,Desecho,0,Desecho
bad_quality_70.jpg,bad_quality,0.0,0,Desecho,0,Desecho
bad_quality_361.jpg,bad_quality,0.0,0,Desecho,0,Desecho
bad_quality_102.jpg,bad_quality,0.0,0,Desecho,0,Desecho
bad_quality_904.jpg,bad_quality,0.01953125,0,Desecho,0,Desecho
bad_quality_948.jpg,bad_quality,0.0,0,Desecho,0,Desecho
bad_quality_482.jpg,bad_quality,0.0,0,Desecho,0,Desecho
bad_quality_3.jpg,bad_quality,0.0,0,Desecho,0,Desecho
bad_quality_191.jpg,bad_quality,0.0,0,Desecho,0,Desecho
bad_quality_514.jpg,bad_quality,0.0,0,Desecho,0,Desecho
bad_quality_300.jpg,bad_quality,0.0,0,Desecho,0,Desecho
bad_quality_654.jpg,bad_quality,0.0,0,Desecho,0,Desecho
bad_quality_929.jpg,bad_quality,0.01171875,0,Desecho,0,Desecho
bad_quality_90.jpg,bad_quality,0.0703125,0,Desecho,0,Desecho
bad_quality_87.jpg,bad_quality,0.99609375,1,Sano,0,Desecho
bad_quality_804.jpg,bad_quality,0.0,0,Desecho,0,Desecho
bad_quality_22.jpg,bad_quality,0.00390625,0,Desecho,0,Desecho
bad_quality_884.jpg,bad_quality,0.0,0,Desecho,0,Desecho
bad_quality_137.jpg,bad_quality,0.0,0,Desecho,0,Desecho
bad_quality_702.jpg,bad_quality,0.0,0,Desecho,0,Desecho
bad_quality_845.jpg,bad_quality,0.0078125,0,Desecho,0,Desecho
bad_quality_812.jpg,bad_quality,0.60546875,1,Sano,0,Desecho
bad_quality_99.jpg,bad_quality,0.0,0,Desecho,0,Desecho
bad_quality_298.jpg,bad_quality,0.0,0,Desecho,0,Desecho
bad_quality_17.jpg,bad_quality,0.00390625,0,Desecho,0,Desecho
bad_quality_537.jpg,bad_quality,0.0,0,Desecho,0,Desecho
bad_quality_865.jpg,bad_quality,0.0,0,Desecho,0,Desecho
bad_quality_484.jpg,bad_quality,0.0078125,0,Desecho,0,Desecho
bad_quality_8.jpg,bad_quality,0.0,0,Desecho,0,Desecho
bad_quality_562.jpg,bad_quality,0.0,0,Desecho,0,Desecho
bad_quality_534.jpg,bad_quality,0.0,0,Desecho,0,Desecho
bad_quality_147.jpg,bad_quality,0.0,0,Desecho,0,Desecho
bad_quality_277.jpg,bad_quality,0.0,0,Desecho,0,Desecho
bad_quality_497.jpg,bad_quality,0.0,0,Desecho,0,Desecho
bad_quality_573.jpg,bad_quality,0.0,0,Desecho,0,Desecho
bad_quality_643.jpg,bad_quality,0.0,0,Desecho,0,Desecho
bad_quality_380.jpg,bad_quality,0.0078125,0,Desecho,0,Desecho
bad_quality_139.jpg,bad_quality,0.0,0,Desecho,0,Desecho
bad_quality_64.jpg,bad_quality,0.0,0,Desecho,0,Desecho
bad_quality_849.jpg,bad_quality,0.0,0,Desecho,0,Desecho
bad_quality_347.jpg,bad_quality,0.0,0,Desecho,0,Desecho
bad_quality_382.jpg,bad_quality,0.0078125,0,Desecho,0,Desecho
bad_quality_545.jpg,bad_quality,0.0,0,Desecho,0,Desecho
bad_quality_144.jpg,bad_quality,0.0078125,0,Desecho,0,Desecho
bad_quality_239.jpg,bad_quality,0.0,0,Desecho,0,Desecho
bad_quality_900.jpg,bad_quality,0.0,0,Desecho,0,Desecho
bad_quality_372.jpg,bad_quality,0.0,0,Desecho,0,Desecho
bad_quality_131.jpg,bad_quality,0.0,0,Desecho,0,Desecho
bad_quality_605.jpg,bad_quality,0.0078125,0,Desecho,0,Desecho
bad_quality_206.jpg,bad_quality,0.0,0,Desecho,0,Desecho
bad_quality_54.jpg,bad_quality,0.0,0,Desecho,0,Desecho
bad_quality_121.jpg,bad_quality,0.03125,0,Desecho,0,Desecho
bad_quality_529.jpg,bad_quality,0.01171875,0,Desecho,0,Desecho
bad_quality_826.jpg,bad_quality,0.21484375,0,Desecho,0,Desecho
bad_quality_920.jpg,bad_quality,0.00390625,0,Desecho,0,Desecho
bad_quality_388.jpg,bad_quality,0.00390625,0,Desecho,0,Desecho
bad_quality_88.jpg,bad_quality,0.0,0,Desecho,0,Desecho
bad_quality_768.jpg,bad_quality,0.0,0,Desecho,0,Desecho
bad_quality_628.jpg,bad_quality,0.0,0,Desecho,0,Desecho
bad_quality_490.jpg,bad_quality,0.0,0,Desecho,0,Desecho
bad_quality_4.jpg,bad_quality,0.0,0,Desecho,0,Desecho
bad_quality_221.jpg,bad_quality,0.0,0,Desecho,0,Desecho
bad_quality_438.jpg,bad_quality,0.00390625,0,Desecho,0,Desecho
bad_quality_651.jpg,bad_quality,0.296875,0,Desecho,0,Desecho
bad_quality_163.jpg,bad_quality,0.0,0,Desecho,0,Desecho
bad_quality_675.jpg,bad_quality,0.0,0,Desecho,0,Desecho
bad_quality_338.jpg,bad_quality,0.0,0,Desecho,0,Desecho
bad_quality_835.jpg,bad_quality,0.296875,0,Desecho,0,Desecho
bad_quality_313.jpg,bad_quality,0.0,0,Desecho,0,Desecho
bad_quality_916.jpg,bad_quality,0.0,0,Desecho,0,Desecho
bad_quality_478.jpg,bad_quality,0.03125,0,Desecho,0,Desecho
bad_quality_162.jpg,bad_quality,0.0,0,Desecho,0,Desecho
bad_quality_406.jpg,bad_quality,0.0,0,Desecho,0,Desecho
bad_quality_790.jpg,bad_quality,0.00390625,0,Desecho,0,Desecho
bad_quality_729.jpg,bad_quality,0.21484375,0,Desecho,0,Desecho
bad_quality_296.jpg,bad_quality,0.0,0,Desecho,0,Desecho
bad_quality_704.jpg,bad_quality,0.0,0,Desecho,0,Desecho
bad_quality_387.jpg,bad_quality,0.0,0,Desecho,0,Desecho
bad_quality_253.jpg,bad_quality,0.0,0,Desecho,0,Desecho
bad_quality_554.jpg,bad_quality,0.0,0,Desecho,0,Desecho
bad_quality_642.jpg,bad_quality,0.0,0,Desecho,0,Desecho
bad_quality_195.jpg,bad_quality,0.0,0,Desecho,0,Desecho
bad_quality_922.jpg,bad_quality,0.0,0,Desecho,0,Desecho
bad_quality_209.jpg,bad_quality,0.0,0,Desecho,0,Desecho
bad_quality_82.jpg,bad_quality,0.0,0,Desecho,0,Desecho
bad_quality_97.jpg,bad_quality,0.0,0,Desecho,0,Desecho
bad_quality_725.jpg,bad_quality,0.89453125,1,Sano,0,Desecho
bad_quality_712.jpg,bad_quality,0.0,0,Desecho,0,Desecho
bad_quality_600.jpg,bad_quality,0.0,0,Desecho,0,Desecho
bad_quality_73.jpg,bad_quality,0.0,0,Desecho,0,Desecho
bad_quality_477.jpg,bad_quality,0.0,0,Desecho,0,Desecho
bad_quality_461.jpg,bad_quality,0.0,0,Desecho,0,Desecho
bad_quality_793.jpg,bad_quality,0.0,0,Desecho,0,Desecho
bad_quality_33.jpg,bad_quality,0.00390625,0,Desecho,0,Desecho
bad_quality_492.jpg,bad_quality,0.0,0,Desecho,0,Desecho
bad_quality_834.jpg,bad_quality,0.21484375,0,Desecho,0,Desecho
bad_quality_430.jpg,bad_quality,0.0,0,Desecho,0,Desecho
bad_quality_30.jpg,bad_quality,0.0,0,Desecho,0,Desecho
bad_quality_245.jpg,bad_quality,0.0,0,Desecho,0,Desecho
bad_quality_726.jpg,bad_quality,0.00390625,0,Desecho,0,Desecho
bad_quality_104.jpg,bad_quality,0.0,0,Desecho,0,Desecho
bad_quality_303.jpg,bad_quality,0.0,0,Desecho,0,Desecho
bad_quality_620.jpg,bad_quality,0.0,0,Desecho,0,Desecho
bad_quality_282.jpg,bad_quality,0.0,0,Desecho,0,Desecho
bad_quality_215.jpg,bad_quality,0.0,0,Desecho,0,Desecho
bad_quality_91.jpg,bad_quality,0.00390625,0,Desecho,0,Desecho
bad_quality_192.jpg,bad_quality,0.0,0,Desecho,0,Desecho
bad_quality_135.jpg,bad_quality,0.0,0,Desecho,0,Desecho
bad_quality_244.jpg,bad_quality,0.00390625,0,Desecho,0,Desecho
bad_quality_786.jpg,bad_quality,0.0,0,Desecho,0,Desecho
bad_quality_755.jpg,bad_quality,0.0,0,Desecho,0,Desecho
bad_quality_721.jpg,bad_quality,0.0,0,Desecho,0,Desecho
bad_quality_515.jpg,bad_quality,0.00390625,0,Desecho,0,Desecho
bad_quality_39.jpg,bad_quality,0.0,0,Desecho,0,Desecho
bad_quality_830.jpg,bad_quality,0.0,0,Desecho,0,Desecho
bad_quality_354.jpg,bad_quality,0.0,0,Desecho,0,Desecho
bad_quality_89.jpg,bad_quality,0.0,0,Desecho,0,Desecho
bad_quality_293.jpg,bad_quality,0.0,0,Desecho,0,Desecho
bad_quality_95.jpg,bad_quality,0.0,0,Desecho,0,Desecho
bad_quality_806.jpg,bad_quality,0.0,0,Desecho,0,Desecho
bad_quality_714.jpg,bad_quality,0.00390625,0,Desecho,0,Desecho
bad_quality_397.jpg,bad_quality,0.00390625,0,Desecho,0,Desecho
bad_quality_775.jpg,bad_quality,0.0,0,Desecho,0,Desecho
bad_quality_335.jpg,bad_quality,0.0,0,Desecho,0,Desecho
bad_quality_902.jpg,bad_quality,0.0,0,Desecho,0,Desecho
bad_quality_717.jpg,bad_quality,0.0,0,Desecho,0,Desecho
bad_quality_345.jpg,bad_quality,0.00390625,0,Desecho,0,Desecho
bad_quality_928.jpg,bad_quality,0.39453125,0,Desecho,0,Desecho
bad_quality_661.jpg,bad_quality,0.0,0,Desecho,0,Desecho
bad_quality_414.jpg,bad_quality,0.0,0,Desecho,0,Desecho
bad_quality_544.jpg,bad_quality,0.0703125,0,Desecho,0,Desecho
bad_quality_581.jpg,bad_quality,0.0,0,Desecho,0,Desecho
bad_quality_930.jpg,bad_quality,0.0,0,Desecho,0,Desecho
bad_quality_943.jpg,bad_quality,0.0,0,Desecho,0,Desecho
bad_quality_196.jpg,bad_quality,0.0,0,Desecho,0,Desecho
bad_quality_699.jpg,bad_quality,0.0,0,Desecho,0,Desecho
bad_quality_321.jpg,bad_quality,0.0,0,Desecho,0,Desecho
bad_quality_389.jpg,bad_quality,0.0,0,Desecho,0,Desecho
bad_quality_103.jpg,bad_quality,0.0,0,Desecho,0,Desecho
bad_quality_623.jpg,bad_quality,0.0,0,Desecho,0,Desecho
bad_quality_422.jpg,bad_quality,0.0,0,Desecho,0,Desecho
bad_quality_833.jpg,bad_quality,0.01953125,0,Desecho,0,Desecho
bad_quality_535.jpg,bad_quality,0.0,0,Desecho,0,Desecho
bad_quality_751.jpg,bad_quality,0.15234375,0,Desecho,0,Desecho
bad_quality_50.jpg,bad_quality,0.0,0,Desecho,0,Desecho
bad_quality_150.jpg,bad_quality,0.046875,0,Desecho,0,Desecho
bad_quality_11.jpg,bad_quality,0.0,0,Desecho,0,Desecho
bad_quality_601.jpg,bad_quality,0.0,0,Desecho,0,Desecho
bad_quality_180.jpg,bad_quality,0.046875,0,Desecho,0,Desecho
bad_quality_357.jpg,bad_quality,0.0,0,Desecho,0,Desecho
bad_quality_832.jpg,bad_quality,0.296875,0,Desecho,0,Desecho
bad_quality_527.jpg,bad_quality,0.0,0,Desecho,0,Desecho
bad_quality_669.jpg,bad_quality,0.01171875,0,Desecho,0,Desecho
bad_quality_326.jpg,bad_quality,0.0,0,Desecho,0,Desecho
bad_quality_177.jpg,bad_quality,0.0,0,Desecho,0,Desecho
bad_quality_610.jpg,bad_quality,0.0,0,Desecho,0,Desecho
bad_quality_57.jpg,bad_quality,0.01953125,0,Desecho,0,Desecho
bad_quality_723.jpg,bad_quality,0.0,0,Desecho,0,Desecho
bad_quality_843.jpg,bad_quality,0.0,0,Desecho,0,Desecho
bad_quality_259.jpg,bad_quality,0.0,0,Desecho,0,Desecho
bad_quality_441.jpg,bad_quality,0.01171875,0,Desecho,0,Desecho
bad_quality_462.jpg,bad_quality,0.01171875,0,Desecho,0,Desecho
bad_quality_914.jpg,bad_quality,0.0,0,Desecho,0,Desecho
bad_quality_636.jpg,bad_quality,0.0,0,Desecho,0,Desecho
bad_quality_86.jpg,bad_quality,0.00390625,0,Desecho,0,Desecho
bad_quality_908.jpg,bad_quality,0.0,0,Desecho,0,Desecho
bad_quality_473.jpg,bad_quality,0.0,0,Desecho,0,Desecho
bad_quality_839.jpg,bad_quality,0.01953125,0,Desecho,0,Desecho
bad_quality_157.jpg,bad_quality,0.0,0,Desecho,0,Desecho
bad_quality_811.jpg,bad_quality,0.0,0,Desecho,0,Desecho
bad_quality_945.jpg,bad_quality,0.0,0,Desecho,0,Desecho
bad_quality_871.jpg,bad_quality,0.0,0,Desecho,0,Desecho
bad_quality_853.jpg,bad_quality,0.0,0,Desecho,0,Desecho
bad_quality_136.jpg,bad_quality,0.0,0,Desecho,0,Desecho
bad_quality_614.jpg,bad_quality,0.0,0,Desecho,0,Desecho
bad_quality_706.jpg,bad_quality,0.0,0,Desecho,0,Desecho
bad_quality_732.jpg,bad_quality,0.0,0,Desecho,0,Desecho
bad_quality_516.jpg,bad_quality,0.0,0,Desecho,0,Desecho
bad_quality_83.jpg,bad_quality,0.00390625,0,Desecho,0,Desecho
bad_quality_297.jpg,bad_quality,0.0,0,Desecho,0,Desecho
bad_quality_182.jpg,bad_quality,0.0,0,Desecho,0,Desecho
bad_quality_612.jpg,bad_quality,0.0,0,Desecho,0,Desecho
bad_quality_234.jpg,bad_quality,0.0,0,Desecho,0,Desecho
bad_quality_166.jpg,bad_quality,0.0,0,Desecho,0,Desecho
bad_quality_486.jpg,bad_quality,0.00390625,0,Desecho,0,Desecho
bad_quality_936.jpg,bad_quality,0.0,0,Desecho,0,Desecho
bad_quality_822.jpg,bad_quality,0.00390625,0,Desecho,0,Desecho
bad_quality_425.jpg,bad_quality,0.0,0,Desecho,0,Desecho
bad_quality_719.jpg,bad_quality,0.0,0,Desecho,0,Desecho
bad_quality_348.jpg,bad_quality,0.0,0,Desecho,0,Desecho
bad_quality_246.jpg,bad_quality,0.00390625,0,Desecho,0,Desecho
bad_quality_393.jpg,bad_quality,0.0,0,Desecho,0,Desecho
bad_quality_759.jpg,bad_quality,0.0,0,Desecho,0,Desecho
bad_quality_262.jpg,bad_quality,0.0,0,Desecho,0,Desecho
bad_quality_0.jpg,bad_quality,0.0,0,Desecho,0,Desecho
bad_quality_754.jpg,bad_quality,0.10546875,0,Desecho,0,Desecho
bad_quality_302.jpg,bad_quality,0.0,0,Desecho,0,Desecho
bad_quality_38.jpg,bad_quality,0.0,0,Desecho,0,Desecho
bad_quality_130.jpg,bad_quality,0.0,0,Desecho,0,Desecho
bad_quality_687.jpg,bad_quality,0.0,0,Desecho,0,Desecho
bad_quality_96.jpg,bad_quality,0.0,0,Desecho,0,Desecho
bad_quality_627.jpg,bad_quality,0.0,0,Desecho,0,Desecho
bad_quality_213.jpg,bad_quality,0.0,0,Desecho,0,Desecho
bad_quality_673.jpg,bad_quality,0.0,0,Desecho,0,Desecho
bad_quality_763.jpg,bad_quality,0.0,0,Desecho,0,Desecho
bad_quality_510.jpg,bad_quality,0.0,0,Desecho,0,Desecho
bad_quality_42.jpg,bad_quality,0.0,0,Desecho,0,Desecho
bad_quality_100.jpg,bad_quality,0.0,0,Desecho,0,Desecho
bad_quality_214.jpg,bad_quality,0.0,0,Desecho,0,Desecho
bad_quality_358.jpg,bad_quality,0.0,0,Desecho,0,Desecho
bad_quality_225.jpg,bad_quality,0.0,0,Desecho,0,Desecho
bad_quality_688.jpg,bad_quality,0.0,0,Desecho,0,Desecho
bad_quality_905.jpg,bad_quality,0.03125,0,Desecho,0,Desecho
bad_quality_489.jpg,bad_quality,0.0,0,Desecho,0,Desecho
bad_quality_760.jpg,bad_quality,0.00390625,0,Desecho,0,Desecho
bad_quality_125.jpg,bad_quality,0.0,0,Desecho,0,Desecho
bad_quality_741.jpg,bad_quality,0.00390625,0,Desecho,0,Desecho
bad_quality_377.jpg,bad_quality,0.0,0,Desecho,0,Desecho
bad_quality_378.jpg,bad_quality,0.0,0,Desecho,0,Desecho
bad_quality_572.jpg,bad_quality,0.0,0,Desecho,0,Desecho
bad_quality_301.jpg,bad_quality,0.0,0,Desecho,0,Desecho
bad_quality_402.jpg,bad_quality,0.0,0,Desecho,0,Desecho
bad_quality_128.jpg,bad_quality,0.0,0,Desecho,0,Desecho
bad_quality_629.jpg,bad_quality,0.0,0,Desecho,0,Desecho
bad_quality_895.jpg,bad_quality,0.78515625,1,Sano,0,Desecho
bad_quality_580.jpg,bad_quality,0.0,0,Desecho,0,Desecho
bad_quality_464.jpg,bad_quality,0.0,0,Desecho,0,Desecho
bad_quality_868.jpg,bad_quality,0.0,0,Desecho,0,Desecho
bad_quality_501.jpg,bad_quality,0.0,0,Desecho,0,Desecho
bad_quality_720.jpg,bad_quality,0.0,0,Desecho,0,Desecho
bad_quality_319.jpg,bad_quality,0.0,0,Desecho,0,Desecho
bad_quality_413.jpg,bad_quality,0.0,0,Desecho,0,Desecho
bad_quality_792.jpg,bad_quality,0.0,0,Desecho,0,Desecho
bad_quality_229.jpg,bad_quality,0.0,0,Desecho,0,Desecho
bad_quality_611.jpg,bad_quality,0.046875,0,Desecho,0,Desecho
bad_quality_325.jpg,bad_quality,0.0,0,Desecho,0,Desecho
bad_quality_270.jpg,bad_quality,0.00390625,0,Desecho,0,Desecho
bad_quality_917.jpg,bad_quality,0.01171875,0,Desecho,0,Desecho
bad_quality_802.jpg,bad_quality,0.296875,0,Desecho,0,Desecho
bad_quality_145.jpg,bad_quality,0.0,0,Desecho,0,Desecho
bad_quality_538.jpg,bad_quality,0.0,0,Desecho,0,Desecho
bad_quality_454.jpg,bad_quality,0.0,0,Desecho,0,Desecho
bad_quality_291.jpg,bad_quality,0.01171875,0,Desecho,0,Desecho
bad_quality_212.jpg,bad_quality,0.0,0,Desecho,0,Desecho
bad_quality_767.jpg,bad_quality,0.0,0,Desecho,0,Desecho
bad_quality_185.jpg,bad_quality,0.0,0,Desecho,0,Desecho
bad_quality_518.jpg,bad_quality,0.00390625,0,Desecho,0,Desecho
bad_quality_232.jpg,bad_quality,0.0,0,Desecho,0,Desecho
bad_quality_593.jpg,bad_quality,0.0,0,Desecho,0,Desecho
bad_quality_944.jpg,bad_quality,0.0,0,Desecho,0,Desecho
bad_quality_385.jpg,bad_quality,0.0,0,Desecho,0,Desecho
bad_quality_411.jpg,bad_quality,0.0,0,Desecho,0,Desecho
bad_quality_216.jpg,bad_quality,0.0,0,Desecho,0,Desecho
bad_quality_43.jpg,bad_quality,0.0,0,Desecho,0,Desecho
bad_quality_129.jpg,bad_quality,0.03125,0,Desecho,0,Desecho
bad_quality_631.jpg,bad_quality,0.0,0,Desecho,0,Desecho
bad_quality_495.jpg,bad_quality,0.00390625,0,Desecho,0,Desecho
bad_quality_356.jpg,bad_quality,0.0078125,0,Desecho,0,Desecho
bad_quality_718.jpg,bad_quality,0.0,0,Desecho,0,Desecho
bad_quality_640.jpg,bad_quality,0.0,0,Desecho,0,Desecho
bad_quality_624.jpg,bad_quality,0.0,0,Desecho,0,Desecho
bad_quality_37.jpg,bad_quality,0.0,0,Desecho,0,Desecho
bad_quality_383.jpg,bad_quality,0.0,0,Desecho,0,Desecho
bad_quality_662.jpg,bad_quality,0.00390625,0,Desecho,0,Desecho
bad_quality_109.jpg,bad_quality,0.0,0,Desecho,0,Desecho
bad_quality_924.jpg,bad_quality,0.60546875,1,Sano,0,Desecho
bad_quality_590.jpg,bad_quality,0.0,0,Desecho,0,Desecho
bad_quality_7.jpg,bad_quality,0.0,0,Desecho,0,Desecho
bad_quality_493.jpg,bad_quality,0.0078125,0,Desecho,0,Desecho
bad_quality_353.jpg,bad_quality,0.0,0,Desecho,0,Desecho
bad_quality_480.jpg,bad_quality,0.00390625,0,Desecho,0,Desecho
bad_quality_423.jpg,bad_quality,0.0,0,Desecho,0,Desecho
bad_quality_758.jpg,bad_quality,0.0,0,Desecho,0,Desecho
bad_quality_795.jpg,bad_quality,0.0,0,Desecho,0,Desecho
bad_quality_417.jpg,bad_quality,0.01953125,0,Desecho,0,Desecho
bad_quality_598.jpg,bad_quality,0.0,0,Desecho,0,Desecho
bad_quality_710.jpg,bad_quality,0.0,0,Desecho,0,Desecho
bad_quality_709.jpg,bad_quality,0.00390625,0,Desecho,0,Desecho
bad_quality_791.jpg,bad_quality,0.0,0,Desecho,0,Desecho
bad_quality_370.jpg,bad_quality,0.0,0,Desecho,0,Desecho
bad_quality_281.jpg,bad_quality,0.0,0,Desecho,0,Desecho
bad_quality_49.jpg,bad_quality,0.0,0,Desecho,0,Desecho
bad_quality_584.jpg,bad_quality,0.0,0,Desecho,0,Desecho
bad_quality_926.jpg,bad_quality,0.10546875,0,Desecho,0,Desecho
bad_quality_858.jpg,bad_quality,0.0,0,Desecho,0,Desecho
bad_quality_649.jpg,bad_quality,0.00390625,0,Desecho,0,Desecho
bad_quality_199.jpg,bad_quality,0.0,0,Desecho,0,Desecho
bad_quality_780.jpg,bad_quality,0.00390625,0,Desecho,0,Desecho
bad_quality_778.jpg,bad_quality,0.0,0,Desecho,0,Desecho
bad_quality_352.jpg,bad_quality,0.0,0,Desecho,0,Desecho
bad_quality_170.jpg,bad_quality,0.0,0,Desecho,0,Desecho
bad_quality_14.jpg,bad_quality,0.0,0,Desecho,0,Desecho
bad_quality_770.jpg,bad_quality,0.0,0,Desecho,0,Desecho
bad_quality_672.jpg,bad_quality,0.0,0,Desecho,0,Desecho
bad_quality_133.jpg,bad_quality,0.0,0,Desecho,0,Desecho
bad_quality_75.jpg,bad_quality,0.0,0,Desecho,0,Desecho
bad_quality_51.jpg,bad_quality,0.0,0,Desecho,0,Desecho
bad_quality_154.jpg,bad_quality,0.0,0,Desecho,0,Desecho
bad_quality_553.jpg,bad_quality,0.0,0,Desecho,0,Desecho
bad_quality_857.jpg,bad_quality,0.0,0,Desecho,0,Desecho
bad_quality_821.jpg,bad_quality,0.046875,0,Desecho,0,Desecho
bad_quality_40.jpg,bad_quality,0.0,0,Desecho,0,Desecho
bad_quality_266.jpg,bad_quality,0.0,0,Desecho,0,Desecho
bad_quality_440.jpg,bad_quality,0.0,0,Desecho,0,Desecho
bad_quality_889.jpg,bad_quality,0.0,0,Desecho,0,Desecho
bad_quality_396.jpg,bad_quality,0.01171875,0,Desecho,0,Desecho
bad_quality_392.jpg,bad_quality,0.0,0,Desecho,0,Desecho
bad_quality_797.jpg,bad_quality,0.0,0,Desecho,0,Desecho
bad_quality_469.jpg,bad_quality,0.0,0,Desecho,0,Desecho
bad_quality_479.jpg,bad_quality,0.21484375,0,Desecho,0,Desecho
bad_quality_625.jpg,bad_quality,0.0,0,Desecho,0,Desecho
bad_quality_107.jpg,bad_quality,0.0,0,Desecho,0,Desecho
bad_quality_435.jpg,bad_quality,0.0,0,Desecho,0,Desecho
bad_quality_808.jpg,bad_quality,0.03125,0,Desecho,0,Desecho
bad_quality_445.jpg,bad_quality,0.0078125,0,Desecho,0,Desecho
bad_quality_883.jpg,bad_quality,0.0,0,Desecho,0,Desecho
bad_quality_765.jpg,bad_quality,0.15234375,0,Desecho,0,Desecho
bad_quality_219.jpg,bad_quality,0.01953125,0,Desecho,0,Desecho
bad_quality_509.jpg,bad_quality,0.0,0,Desecho,0,Desecho
bad_quality_254.jpg,bad_quality,0.0,0,Desecho,0,Desecho
bad_quality_274.jpg,bad_quality,0.0,0,Desecho,0,Desecho
bad_quality_663.jpg,bad_quality,0.0,0,Desecho,0,Desecho
bad_quality_798.jpg,bad_quality,0.0,0,Desecho,0,Desecho
bad_quality_231.jpg,bad_quality,0.0,0,Desecho,0,Desecho
bad_quality_384.jpg,bad_quality,0.98046875,1,Sano,0,Desecho
bad_quality_656.jpg,bad_quality,0.0,0,Desecho,0,Desecho
bad_quality_92.jpg,bad_quality,0.10546875,0,Desecho,0,Desecho
bad_quality_608.jpg,bad_quality,0.296875,0,Desecho,0,Desecho
bad_quality_587.jpg,bad_quality,0.0,0,Desecho,0,Desecho
bad_quality_151.jpg,bad_quality,0.03125,0,Desecho,0,Desecho
bad_quality_781.jpg,bad_quality,0.0078125,0,Desecho,0,Desecho
bad_quality_749.jpg,bad_quality,0.15234375,0,Desecho,0,Desecho
bad_quality_289.jpg,bad_quality,0.0,0,Desecho,0,Desecho
